,URL,Date posted
0,/jobs/53907,about 11 hours ago
1,/jobs/53898,about 11 hours ago
2,/jobs/53894,about 11 hours ago
3,/jobs/53893,about 11 hours ago
4,/jobs/53891,about 11 hours ago
5,/jobs/53885,about 11 hours ago
6,/jobs/53879,about 12 hours ago
7,/jobs/53876,about 12 hours ago
8,/jobs/53870,about 12 hours ago
9,/jobs/53869,about 12 hours ago
10,/jobs/53862,about 12 hours ago
11,/jobs/53861,about 12 hours ago
12,/jobs/53860,about 12 hours ago
13,/jobs/53856,about 12 hours ago
14,/jobs/53852,about 12 hours ago
15,/jobs/53849,about 12 hours ago
16,/jobs/53847,about 13 hours ago
17,/jobs/53845,about 13 hours ago
18,/jobs/53842,about 13 hours ago
19,/jobs/53839,about 13 hours ago
20,/jobs/53838,about 13 hours ago
21,/jobs/53837,about 13 hours ago
22,/jobs/53836,about 13 hours ago
23,/jobs/53835,about 13 hours ago
24,/jobs/53833,about 13 hours ago
25,/jobs/53832,about 13 hours ago
26,/jobs/53830,about 13 hours ago
27,/jobs/53827,about 14 hours ago
28,/jobs/53824,about 14 hours ago
29,/jobs/53822,about 14 hours ago
30,/jobs/53821,about 14 hours ago
31,/jobs/53819,about 14 hours ago
32,/jobs/53815,about 14 hours ago
33,/jobs/53809,about 14 hours ago
34,/jobs/53797,about 15 hours ago
35,/jobs/53793,about 15 hours ago
36,/jobs/53790,about 15 hours ago
37,/jobs/53788,about 15 hours ago
38,/jobs/53787,about 15 hours ago
39,/jobs/53784,about 16 hours ago
40,/jobs/53782,about 16 hours ago
41,/jobs/53781,about 16 hours ago
42,/jobs/53777,about 16 hours ago
43,/jobs/53774,about 16 hours ago
44,/jobs/53768,about 16 hours ago
45,/jobs/53765,about 16 hours ago
46,/jobs/53759,about 16 hours ago
47,/jobs/53757,about 16 hours ago
48,/jobs/53754,about 16 hours ago
49,/jobs/53752,about 17 hours ago
50,/jobs/53745,about 17 hours ago
51,/jobs/53741,about 17 hours ago
52,/jobs/53740,about 17 hours ago
53,/jobs/53739,about 17 hours ago
54,/jobs/53734,about 17 hours ago
55,/jobs/53732,about 17 hours ago
56,/jobs/53731,about 17 hours ago
57,/jobs/53730,about 17 hours ago
58,/jobs/53729,about 17 hours ago
59,/jobs/53725,about 17 hours ago
60,/jobs/53724,about 17 hours ago
61,/jobs/53722,about 18 hours ago
62,/jobs/53719,about 19 hours ago
63,/jobs/53718,about 19 hours ago
64,/jobs/53715,about 19 hours ago
65,/jobs/53714,about 19 hours ago
66,/jobs/53712,about 19 hours ago
67,/jobs/53711,about 19 hours ago
68,/jobs/53708,about 19 hours ago
69,/jobs/53703,about 20 hours ago
70,/jobs/53700,1 day ago
71,/jobs/53694,1 day ago
72,/jobs/53690,1 day ago
73,/jobs/53677,1 day ago
74,/jobs/53676,1 day ago
75,/jobs/53674,1 day ago
76,/jobs/53668,1 day ago
77,/jobs/53664,1 day ago
78,/jobs/53661,1 day ago
79,/jobs/53657,1 day ago
80,/jobs/53656,1 day ago
81,/jobs/53654,1 day ago
82,/jobs/53652,1 day ago
83,/jobs/53649,1 day ago
84,/jobs/53646,1 day ago
85,/jobs/53645,1 day ago
86,/jobs/53644,1 day ago
87,/jobs/53643,1 day ago
88,/jobs/53642,1 day ago
89,/jobs/53638,1 day ago
90,/jobs/53636,1 day ago
91,/jobs/53635,1 day ago
92,/jobs/53632,1 day ago
93,/jobs/53630,1 day ago
94,/jobs/53629,1 day ago
95,/jobs/53627,1 day ago
96,/jobs/53626,1 day ago
97,/jobs/53618,1 day ago
98,/jobs/53617,1 day ago
99,/jobs/53616,1 day ago
100,/jobs/53615,1 day ago
101,/jobs/53614,1 day ago
102,/jobs/53612,1 day ago
103,/jobs/53611,1 day ago
104,/jobs/53610,1 day ago
105,/jobs/53609,1 day ago
106,/jobs/53608,1 day ago
107,/jobs/53607,1 day ago
108,/jobs/53606,1 day ago
109,/jobs/53605,1 day ago
110,/jobs/53601,1 day ago
111,/jobs/53597,1 day ago
112,/jobs/53590,1 day ago
113,/jobs/53585,1 day ago
114,/jobs/53582,1 day ago
115,/jobs/53581,1 day ago
116,/jobs/53580,1 day ago
117,/jobs/53579,1 day ago
118,/jobs/53577,1 day ago
119,/jobs/53575,1 day ago
120,/jobs/53574,1 day ago
121,/jobs/53572,1 day ago
122,/jobs/53571,1 day ago
123,/jobs/53570,1 day ago
124,/jobs/53569,1 day ago
125,/jobs/53567,1 day ago
126,/jobs/53566,1 day ago
127,/jobs/53565,1 day ago
128,/jobs/53563,1 day ago
129,/jobs/53560,1 day ago
130,/jobs/53556,1 day ago
131,/jobs/53552,1 day ago
132,/jobs/53551,1 day ago
133,/jobs/53548,1 day ago
134,/jobs/53545,1 day ago
135,/jobs/53544,1 day ago
136,/jobs/53543,1 day ago
137,/jobs/53541,1 day ago
138,/jobs/53539,1 day ago
139,/jobs/53535,2 days ago
140,/jobs/53534,2 days ago
141,/jobs/53533,2 days ago
142,/jobs/53530,2 days ago
143,/jobs/53524,2 days ago
144,/jobs/53523,2 days ago
145,/jobs/53522,2 days ago
146,/jobs/53521,2 days ago
147,/jobs/53515,2 days ago
148,/jobs/53514,2 days ago
149,/jobs/53511,2 days ago
150,/jobs/53510,2 days ago
151,/jobs/53507,2 days ago
152,/jobs/53506,2 days ago
153,/jobs/53501,2 days ago
154,/jobs/53497,2 days ago
155,/jobs/53495,2 days ago
156,/jobs/53491,2 days ago
157,/jobs/53486,2 days ago
158,/jobs/53484,2 days ago
159,/jobs/53483,2 days ago
160,/jobs/53482,2 days ago
161,/jobs/53481,2 days ago
162,/jobs/53475,2 days ago
163,/jobs/53471,3 days ago
164,/jobs/53461,3 days ago
165,/jobs/53460,3 days ago
166,/jobs/53459,3 days ago
167,/jobs/53458,3 days ago
168,/jobs/53455,3 days ago
169,/jobs/53453,3 days ago
170,/jobs/53451,3 days ago
171,/jobs/53449,3 days ago
172,/jobs/53439,3 days ago
173,/jobs/53438,3 days ago
174,/jobs/53436,3 days ago
175,/jobs/53431,3 days ago
176,/jobs/53427,3 days ago
177,/jobs/53418,3 days ago
178,/jobs/53414,3 days ago
179,/jobs/53411,3 days ago
180,/jobs/53410,3 days ago
181,/jobs/53409,3 days ago
182,/jobs/53408,3 days ago
183,/jobs/53407,3 days ago
184,/jobs/53403,3 days ago
185,/jobs/53399,3 days ago
186,/jobs/53394,3 days ago
187,/jobs/53390,3 days ago
188,/jobs/53389,3 days ago
189,/jobs/53387,3 days ago
190,/jobs/53386,3 days ago
191,/jobs/53384,3 days ago
192,/jobs/53381,3 days ago
193,/jobs/53380,3 days ago
194,/jobs/53375,3 days ago
195,/jobs/53372,3 days ago
196,/jobs/53370,3 days ago
197,/jobs/53368,3 days ago
198,/jobs/53367,3 days ago
199,/jobs/53366,3 days ago
200,/jobs/53365,3 days ago
201,/jobs/53363,3 days ago
202,/jobs/53362,3 days ago
203,/jobs/53361,3 days ago
204,/jobs/53358,3 days ago
205,/jobs/53355,3 days ago
206,/jobs/53354,3 days ago
207,/jobs/53353,3 days ago
208,/jobs/53351,3 days ago
209,/jobs/53350,3 days ago
210,/jobs/53349,3 days ago
211,/jobs/53348,3 days ago
212,/jobs/53347,3 days ago
213,/jobs/53346,3 days ago
214,/jobs/53344,3 days ago
215,/jobs/53343,3 days ago
216,/jobs/53342,3 days ago
217,/jobs/53341,3 days ago
218,/jobs/53339,3 days ago
219,/jobs/53336,3 days ago
220,/jobs/53335,3 days ago
221,/jobs/53332,3 days ago
222,/jobs/53330,3 days ago
223,/jobs/53329,3 days ago
224,/jobs/53328,3 days ago
225,/jobs/53327,3 days ago
226,/jobs/53326,3 days ago
227,/jobs/53325,3 days ago
228,/jobs/53324,3 days ago
229,/jobs/53323,3 days ago
230,/jobs/53322,3 days ago
231,/jobs/53321,3 days ago
232,/jobs/53320,3 days ago
233,/jobs/53319,3 days ago
234,/jobs/53316,3 days ago
235,/jobs/53315,3 days ago
236,/jobs/53312,3 days ago
237,/jobs/53311,3 days ago
238,/jobs/53310,3 days ago
239,/jobs/53309,3 days ago
240,/jobs/53303,3 days ago
241,/jobs/53301,3 days ago
242,/jobs/53297,3 days ago
243,/jobs/53287,3 days ago
244,/jobs/53284,3 days ago
245,/jobs/53283,3 days ago
246,/jobs/53282,3 days ago
247,/jobs/53280,3 days ago
248,/jobs/53273,3 days ago
249,/jobs/53272,3 days ago
250,/jobs/53270,3 days ago
251,/jobs/53268,3 days ago
252,/jobs/53267,3 days ago
253,/jobs/53258,3 days ago
254,/jobs/53256,3 days ago
255,/jobs/53254,3 days ago
256,/jobs/53253,3 days ago
257,/jobs/53252,3 days ago
258,/jobs/53251,3 days ago
259,/jobs/53250,3 days ago
260,/jobs/53248,3 days ago
261,/jobs/53244,3 days ago
262,/jobs/53241,4 days ago
263,/jobs/53239,4 days ago
264,/jobs/53238,4 days ago
265,/jobs/53237,4 days ago
266,/jobs/53236,4 days ago
267,/jobs/53231,4 days ago
268,/jobs/53229,4 days ago
269,/jobs/53228,4 days ago
270,/jobs/53223,4 days ago
271,/jobs/53222,4 days ago
272,/jobs/53220,4 days ago
273,/jobs/53219,4 days ago
274,/jobs/53218,4 days ago
275,/jobs/53217,4 days ago
276,/jobs/53212,4 days ago
277,/jobs/53208,4 days ago
278,/jobs/53207,4 days ago
279,/jobs/53204,4 days ago
280,/jobs/53200,4 days ago
281,/jobs/53198,4 days ago
282,/jobs/53197,4 days ago
283,/jobs/53196,4 days ago
284,/jobs/53194,4 days ago
285,/jobs/53189,4 days ago
286,/jobs/53186,4 days ago
287,/jobs/53185,4 days ago
288,/jobs/53173,4 days ago
289,/jobs/53172,4 days ago
290,/jobs/53169,4 days ago
291,/jobs/53168,4 days ago
292,/jobs/53158,4 days ago
293,/jobs/53155,4 days ago
294,/jobs/53154,4 days ago
295,/jobs/53150,4 days ago
296,/jobs/53144,4 days ago
297,/jobs/53142,4 days ago
298,/jobs/53140,4 days ago
299,/jobs/53139,4 days ago
300,/jobs/53137,4 days ago
301,/jobs/53136,4 days ago
302,/jobs/53135,4 days ago
303,/jobs/53133,4 days ago
304,/jobs/53127,4 days ago
305,/jobs/53126,4 days ago
306,/jobs/53124,4 days ago
307,/jobs/53121,4 days ago
308,/jobs/53119,4 days ago
309,/jobs/53118,4 days ago
310,/jobs/53117,4 days ago
311,/jobs/53116,4 days ago
312,/jobs/53114,4 days ago
313,/jobs/53112,4 days ago
314,/jobs/53109,4 days ago
315,/jobs/53108,4 days ago
316,/jobs/53107,4 days ago
317,/jobs/53106,4 days ago
318,/jobs/53098,4 days ago
319,/jobs/53095,4 days ago
320,/jobs/53094,4 days ago
321,/jobs/53091,4 days ago
322,/jobs/53090,4 days ago
323,/jobs/53087,6 days ago
324,/jobs/53086,6 days ago
325,/jobs/53085,6 days ago
326,/jobs/53084,6 days ago
327,/jobs/53080,6 days ago
328,/jobs/53077,6 days ago
329,/jobs/53075,6 days ago
330,/jobs/53074,6 days ago
331,/jobs/53072,6 days ago
332,/jobs/53071,6 days ago
333,/jobs/53069,6 days ago
334,/jobs/53068,6 days ago
335,/jobs/53067,6 days ago
336,/jobs/53066,6 days ago
337,/jobs/53065,6 days ago
338,/jobs/53063,6 days ago
339,/jobs/53059,6 days ago
340,/jobs/53057,6 days ago
341,/jobs/53056,6 days ago
342,/jobs/53051,6 days ago
343,/jobs/53050,6 days ago
344,/jobs/53035,6 days ago
345,/jobs/53034,6 days ago
346,/jobs/53032,7 days ago
347,/jobs/53030,7 days ago
348,/jobs/53028,7 days ago
349,/jobs/53026,7 days ago
350,/jobs/53024,7 days ago
351,/jobs/53021,7 days ago
352,/jobs/53020,7 days ago
353,/jobs/53019,7 days ago
354,/jobs/53016,7 days ago
355,/jobs/53014,7 days ago
356,/jobs/53012,7 days ago
357,/jobs/53009,7 days ago
358,/jobs/53008,7 days ago
359,/jobs/53001,7 days ago
360,/jobs/52999,7 days ago
361,/jobs/52998,7 days ago
362,/jobs/52995,7 days ago
363,/jobs/52994,7 days ago
364,/jobs/52993,7 days ago
365,/jobs/52986,7 days ago
366,/jobs/52984,7 days ago
367,/jobs/52980,7 days ago
368,/jobs/52979,7 days ago
369,/jobs/52977,7 days ago
370,/jobs/52972,7 days ago
371,/jobs/52969,7 days ago
372,/jobs/52968,7 days ago
373,/jobs/52967,7 days ago
374,/jobs/52965,7 days ago
375,/jobs/52961,7 days ago
376,/jobs/52960,7 days ago
377,/jobs/52957,7 days ago
378,/jobs/52953,7 days ago
379,/jobs/52952,7 days ago
380,/jobs/52950,7 days ago
381,/jobs/52949,7 days ago
382,/jobs/52947,7 days ago
383,/jobs/52945,7 days ago
384,/jobs/52944,7 days ago
385,/jobs/52943,7 days ago
386,/jobs/52940,7 days ago
387,/jobs/52938,7 days ago
388,/jobs/52937,7 days ago
389,/jobs/52933,7 days ago
390,/jobs/52927,7 days ago
391,/jobs/52926,7 days ago
392,/jobs/52924,7 days ago
393,/jobs/52923,7 days ago
394,/jobs/52921,7 days ago
395,/jobs/52918,7 days ago
396,/jobs/52915,7 days ago
397,/jobs/52913,7 days ago
398,/jobs/52910,7 days ago
399,/jobs/52906,7 days ago
400,/jobs/52905,7 days ago
401,/jobs/52903,7 days ago
402,/jobs/52899,7 days ago
403,/jobs/52892,7 days ago
404,/jobs/52891,7 days ago
405,/jobs/52889,7 days ago
406,/jobs/52887,7 days ago
407,/jobs/52885,7 days ago
408,/jobs/52877,7 days ago
409,/jobs/52873,7 days ago
410,/jobs/52872,7 days ago
411,/jobs/52868,7 days ago
412,/jobs/52867,7 days ago
413,/jobs/52866,7 days ago
414,/jobs/52863,7 days ago
415,/jobs/52862,7 days ago
416,/jobs/52858,8 days ago
417,/jobs/52855,8 days ago
418,/jobs/52853,8 days ago
419,/jobs/52852,8 days ago
420,/jobs/52850,8 days ago
421,/jobs/52847,8 days ago
422,/jobs/52843,8 days ago
423,/jobs/52842,8 days ago
424,/jobs/52838,8 days ago
425,/jobs/52835,8 days ago
426,/jobs/52833,8 days ago
427,/jobs/52827,8 days ago
428,/jobs/52823,8 days ago
429,/jobs/52822,8 days ago
430,/jobs/52821,8 days ago
431,/jobs/52818,8 days ago
432,/jobs/52817,8 days ago
433,/jobs/52813,8 days ago
434,/jobs/52808,8 days ago
435,/jobs/52802,8 days ago
436,/jobs/52800,8 days ago
437,/jobs/52799,8 days ago
438,/jobs/52795,8 days ago
439,/jobs/52793,8 days ago
440,/jobs/52789,8 days ago
441,/jobs/52788,8 days ago
442,/jobs/52786,8 days ago
443,/jobs/52785,8 days ago
444,/jobs/52781,8 days ago
445,/jobs/52778,8 days ago
446,/jobs/52776,8 days ago
447,/jobs/52772,8 days ago
448,/jobs/52768,8 days ago
449,/jobs/52760,8 days ago
450,/jobs/52755,8 days ago
451,/jobs/52751,8 days ago
452,/jobs/52750,8 days ago
453,/jobs/52748,8 days ago
454,/jobs/52746,8 days ago
455,/jobs/52742,8 days ago
456,/jobs/52741,8 days ago
457,/jobs/52740,8 days ago
458,/jobs/52739,8 days ago
459,/jobs/52738,8 days ago
460,/jobs/52737,8 days ago
461,/jobs/52736,8 days ago
462,/jobs/52733,8 days ago
463,/jobs/52732,8 days ago
464,/jobs/52731,8 days ago
465,/jobs/52729,8 days ago
466,/jobs/52724,8 days ago
467,/jobs/52723,8 days ago
468,/jobs/52721,8 days ago
469,/jobs/52718,8 days ago
470,/jobs/52715,8 days ago
471,/jobs/52714,8 days ago
472,/jobs/52697,8 days ago
473,/jobs/52695,9 days ago
474,/jobs/52689,9 days ago
475,/jobs/52687,9 days ago
476,/jobs/52681,9 days ago
477,/jobs/52674,9 days ago
478,/jobs/52672,9 days ago
479,/jobs/52670,9 days ago
480,/jobs/52668,9 days ago
481,/jobs/52662,9 days ago
482,/jobs/52659,9 days ago
483,/jobs/52656,9 days ago
484,/jobs/52654,9 days ago
485,/jobs/52649,9 days ago
486,/jobs/52647,9 days ago
487,/jobs/52644,9 days ago
488,/jobs/52641,9 days ago
489,/jobs/52640,9 days ago
490,/jobs/52635,9 days ago
491,/jobs/52628,9 days ago
492,/jobs/52627,9 days ago
493,/jobs/52622,9 days ago
494,/jobs/52619,9 days ago
495,/jobs/52618,9 days ago
496,/jobs/52616,9 days ago
497,/jobs/52614,9 days ago
498,/jobs/52613,9 days ago
499,/jobs/52612,9 days ago
500,/jobs/52611,9 days ago
501,/jobs/52610,9 days ago
502,/jobs/52607,9 days ago
503,/jobs/52606,9 days ago
504,/jobs/52604,9 days ago
505,/jobs/52603,9 days ago
506,/jobs/52596,9 days ago
507,/jobs/52594,9 days ago
508,/jobs/52590,9 days ago
509,/jobs/52589,9 days ago
510,/jobs/52584,9 days ago
511,/jobs/52581,9 days ago
512,/jobs/52579,9 days ago
513,/jobs/52578,9 days ago
514,/jobs/52577,9 days ago
515,/jobs/52576,9 days ago
516,/jobs/52574,9 days ago
517,/jobs/52568,9 days ago
518,/jobs/52567,9 days ago
519,/jobs/52565,9 days ago
520,/jobs/52557,9 days ago
521,/jobs/52555,9 days ago
522,/jobs/52554,9 days ago
523,/jobs/52550,9 days ago
524,/jobs/52543,9 days ago
525,/jobs/52541,9 days ago
526,/jobs/52538,9 days ago
527,/jobs/52536,9 days ago
528,/jobs/52530,9 days ago
529,/jobs/52527,9 days ago
530,/jobs/52522,9 days ago
531,/jobs/52521,9 days ago
532,/jobs/52520,9 days ago
533,/jobs/52519,9 days ago
534,/jobs/52518,9 days ago
535,/jobs/52515,9 days ago
536,/jobs/52514,9 days ago
537,/jobs/52510,9 days ago
538,/jobs/52507,9 days ago
539,/jobs/52502,9 days ago
540,/jobs/52499,9 days ago
541,/jobs/52497,9 days ago
542,/jobs/52489,10 days ago
543,/jobs/52488,10 days ago
544,/jobs/52487,10 days ago
545,/jobs/52483,10 days ago
546,/jobs/52482,10 days ago
547,/jobs/52481,10 days ago
548,/jobs/52473,10 days ago
549,/jobs/52471,10 days ago
550,/jobs/52464,10 days ago
551,/jobs/52462,10 days ago
552,/jobs/52460,10 days ago
553,/jobs/52458,10 days ago
554,/jobs/52457,10 days ago
555,/jobs/52456,10 days ago
556,/jobs/52455,10 days ago
557,/jobs/52451,10 days ago
558,/jobs/52448,10 days ago
559,/jobs/52447,10 days ago
560,/jobs/52445,10 days ago
561,/jobs/52444,10 days ago
562,/jobs/52442,10 days ago
563,/jobs/52440,10 days ago
564,/jobs/52438,10 days ago
565,/jobs/52437,10 days ago
566,/jobs/52434,10 days ago
567,/jobs/52433,10 days ago
568,/jobs/52431,10 days ago
569,/jobs/52428,10 days ago
570,/jobs/52426,10 days ago
571,/jobs/52423,10 days ago
572,/jobs/52422,10 days ago
573,/jobs/52417,10 days ago
574,/jobs/52416,10 days ago
575,/jobs/52409,10 days ago
576,/jobs/52406,10 days ago
577,/jobs/52405,10 days ago
578,/jobs/52403,10 days ago
579,/jobs/52397,10 days ago
580,/jobs/52391,10 days ago
581,/jobs/52390,10 days ago
582,/jobs/52386,10 days ago
583,/jobs/52384,10 days ago
584,/jobs/52383,10 days ago
585,/jobs/52381,10 days ago
586,/jobs/52379,10 days ago
587,/jobs/52378,10 days ago
588,/jobs/52377,10 days ago
589,/jobs/52376,10 days ago
590,/jobs/52372,10 days ago
591,/jobs/52371,10 days ago
592,/jobs/52370,10 days ago
593,/jobs/52367,10 days ago
594,/jobs/52366,10 days ago
595,/jobs/52364,10 days ago
596,/jobs/52363,10 days ago
597,/jobs/52361,10 days ago
598,/jobs/52360,10 days ago
599,/jobs/52357,10 days ago
600,/jobs/52356,10 days ago
601,/jobs/52339,10 days ago
602,/jobs/52338,10 days ago
603,/jobs/52334,10 days ago
604,/jobs/52333,10 days ago
605,/jobs/52329,10 days ago
606,/jobs/52324,10 days ago
607,/jobs/52320,10 days ago
608,/jobs/52312,10 days ago
609,/jobs/52311,10 days ago
610,/jobs/52308,10 days ago
611,/jobs/52307,10 days ago
612,/jobs/52303,10 days ago
613,/jobs/52294,10 days ago
614,/jobs/52293,10 days ago
615,/jobs/52290,10 days ago
616,/jobs/52288,10 days ago
617,/jobs/52286,10 days ago
618,/jobs/52285,10 days ago
619,/jobs/52282,10 days ago
620,/jobs/52275,10 days ago
621,/jobs/52274,10 days ago
622,/jobs/52266,10 days ago
623,/jobs/52264,10 days ago
624,/jobs/52261,10 days ago
625,/jobs/52260,10 days ago
626,/jobs/52256,10 days ago
627,/jobs/52255,10 days ago
628,/jobs/52254,10 days ago
629,/jobs/52251,10 days ago
630,/jobs/52249,10 days ago
631,/jobs/52247,10 days ago
632,/jobs/52243,10 days ago
633,/jobs/52235,10 days ago
634,/jobs/52229,10 days ago
635,/jobs/52225,10 days ago
636,/jobs/52223,10 days ago
637,/jobs/52222,10 days ago
638,/jobs/52220,10 days ago
639,/jobs/52217,10 days ago
640,/jobs/52216,10 days ago
641,/jobs/52215,10 days ago
642,/jobs/52214,10 days ago
643,/jobs/52212,10 days ago
644,/jobs/52211,10 days ago
645,/jobs/52210,10 days ago
646,/jobs/52205,10 days ago
647,/jobs/52204,10 days ago
648,/jobs/52202,10 days ago
649,/jobs/52198,10 days ago
650,/jobs/52197,10 days ago
651,/jobs/52195,10 days ago
652,/jobs/52193,10 days ago
653,/jobs/52191,10 days ago
654,/jobs/52190,10 days ago
655,/jobs/52189,10 days ago
656,/jobs/52188,10 days ago
657,/jobs/52187,10 days ago
658,/jobs/52186,10 days ago
659,/jobs/52182,10 days ago
660,/jobs/52178,10 days ago
661,/jobs/52169,11 days ago
662,/jobs/52167,11 days ago
663,/jobs/52166,11 days ago
664,/jobs/52165,11 days ago
665,/jobs/52156,11 days ago
666,/jobs/52152,11 days ago
667,/jobs/52141,11 days ago
668,/jobs/52126,11 days ago
669,/jobs/52123,11 days ago
670,/jobs/52121,11 days ago
671,/jobs/52120,11 days ago
672,/jobs/52115,11 days ago
673,/jobs/52113,11 days ago
674,/jobs/52112,11 days ago
675,/jobs/52111,11 days ago
676,/jobs/52109,11 days ago
677,/jobs/52107,11 days ago
678,/jobs/52105,11 days ago
679,/jobs/52103,11 days ago
680,/jobs/52102,11 days ago
681,/jobs/52100,11 days ago
682,/jobs/52099,11 days ago
683,/jobs/52097,11 days ago
684,/jobs/52089,11 days ago
685,/jobs/52081,11 days ago
686,/jobs/52079,11 days ago
687,/jobs/52073,11 days ago
688,/jobs/52071,11 days ago
689,/jobs/52070,11 days ago
690,/jobs/52069,11 days ago
691,/jobs/52068,11 days ago
692,/jobs/52067,11 days ago
693,/jobs/52062,11 days ago
694,/jobs/52059,11 days ago
695,/jobs/52057,11 days ago
696,/jobs/52056,11 days ago
697,/jobs/52052,11 days ago
698,/jobs/52051,11 days ago
699,/jobs/52048,11 days ago
700,/jobs/52045,11 days ago
701,/jobs/52044,11 days ago
702,/jobs/52041,11 days ago
703,/jobs/52039,11 days ago
704,/jobs/52038,11 days ago
705,/jobs/52037,11 days ago
706,/jobs/52036,11 days ago
707,/jobs/52035,11 days ago
708,/jobs/52034,11 days ago
709,/jobs/52032,11 days ago
710,/jobs/52031,11 days ago
711,/jobs/52030,11 days ago
712,/jobs/52029,11 days ago
713,/jobs/52027,11 days ago
714,/jobs/52026,11 days ago
715,/jobs/52025,11 days ago
716,/jobs/52021,11 days ago
717,/jobs/52018,11 days ago
718,/jobs/52017,11 days ago
719,/jobs/52016,11 days ago
720,/jobs/52012,11 days ago
721,/jobs/52011,11 days ago
722,/jobs/52010,11 days ago
723,/jobs/52009,11 days ago
724,/jobs/52007,11 days ago
725,/jobs/52006,11 days ago
726,/jobs/52002,11 days ago
727,/jobs/52001,11 days ago
728,/jobs/52000,11 days ago
729,/jobs/51999,11 days ago
730,/jobs/51997,11 days ago
731,/jobs/51996,11 days ago
732,/jobs/51992,11 days ago
733,/jobs/51991,11 days ago
734,/jobs/51990,11 days ago
735,/jobs/51989,11 days ago
736,/jobs/51988,11 days ago
737,/jobs/51987,11 days ago
738,/jobs/51986,11 days ago
739,/jobs/51984,11 days ago
740,/jobs/51983,11 days ago
741,/jobs/51981,11 days ago
742,/jobs/51980,11 days ago
743,/jobs/51979,11 days ago
744,/jobs/51978,11 days ago
745,/jobs/51976,14 days ago
746,/jobs/51974,14 days ago
747,/jobs/51971,14 days ago
748,/jobs/51970,14 days ago
749,/jobs/51964,14 days ago
750,/jobs/51963,14 days ago
751,/jobs/51959,14 days ago
752,/jobs/51958,14 days ago
753,/jobs/51957,14 days ago
754,/jobs/51956,14 days ago
755,/jobs/51953,14 days ago
756,/jobs/51951,14 days ago
757,/jobs/51947,14 days ago
758,/jobs/51942,14 days ago
759,/jobs/51941,14 days ago
760,/jobs/51940,14 days ago
761,/jobs/51935,14 days ago
762,/jobs/51933,14 days ago
763,/jobs/51931,14 days ago
764,/jobs/51929,14 days ago
765,/jobs/51928,14 days ago
766,/jobs/51927,14 days ago
767,/jobs/51926,14 days ago
768,/jobs/51925,14 days ago
769,/jobs/51921,14 days ago
770,/jobs/51912,14 days ago
771,/jobs/51907,14 days ago
772,/jobs/51905,14 days ago
773,/jobs/51899,14 days ago
774,/jobs/51898,14 days ago
775,/jobs/51896,14 days ago
776,/jobs/51895,14 days ago
777,/jobs/51894,14 days ago
778,/jobs/51887,14 days ago
779,/jobs/51886,14 days ago
780,/jobs/51884,14 days ago
781,/jobs/51881,14 days ago
782,/jobs/51879,14 days ago
783,/jobs/51878,14 days ago
784,/jobs/51875,14 days ago
785,/jobs/51868,14 days ago
786,/jobs/51866,14 days ago
787,/jobs/51859,14 days ago
788,/jobs/51857,14 days ago
789,/jobs/51854,14 days ago
790,/jobs/51849,14 days ago
791,/jobs/51848,14 days ago
792,/jobs/51843,15 days ago
793,/jobs/51836,15 days ago
794,/jobs/51827,15 days ago
795,/jobs/51826,15 days ago
796,/jobs/51824,15 days ago
797,/jobs/51820,15 days ago
798,/jobs/51818,15 days ago
799,/jobs/51812,15 days ago
800,/jobs/51810,15 days ago
801,/jobs/51809,15 days ago
802,/jobs/51808,15 days ago
803,/jobs/51805,15 days ago
804,/jobs/51804,15 days ago
805,/jobs/51802,15 days ago
806,/jobs/51800,15 days ago
807,/jobs/51799,15 days ago
808,/jobs/51798,15 days ago
809,/jobs/51795,15 days ago
810,/jobs/51794,15 days ago
811,/jobs/51793,15 days ago
812,/jobs/51792,15 days ago
813,/jobs/51791,15 days ago
814,/jobs/51790,15 days ago
815,/jobs/51788,15 days ago
816,/jobs/51785,15 days ago
817,/jobs/51782,15 days ago
818,/jobs/51779,15 days ago
819,/jobs/51775,15 days ago
820,/jobs/51773,15 days ago
821,/jobs/51769,15 days ago
822,/jobs/51766,15 days ago
823,/jobs/51765,15 days ago
824,/jobs/51763,15 days ago
825,/jobs/51760,15 days ago
826,/jobs/51759,15 days ago
827,/jobs/51755,15 days ago
828,/jobs/51753,15 days ago
829,/jobs/51750,15 days ago
830,/jobs/51749,15 days ago
831,/jobs/51741,16 days ago
832,/jobs/51739,16 days ago
833,/jobs/51738,16 days ago
834,/jobs/51732,16 days ago
835,/jobs/51725,16 days ago
836,/jobs/51724,16 days ago
837,/jobs/51723,16 days ago
838,/jobs/51721,16 days ago
839,/jobs/51720,16 days ago
840,/jobs/51718,16 days ago
841,/jobs/51716,16 days ago
842,/jobs/51715,16 days ago
843,/jobs/51713,16 days ago
844,/jobs/51710,16 days ago
845,/jobs/51709,16 days ago
846,/jobs/51704,16 days ago
847,/jobs/51702,16 days ago
848,/jobs/51696,16 days ago
849,/jobs/51695,16 days ago
850,/jobs/51694,16 days ago
851,/jobs/51693,16 days ago
852,/jobs/51685,16 days ago
853,/jobs/51684,16 days ago
854,/jobs/51681,16 days ago
855,/jobs/51680,16 days ago
856,/jobs/51679,16 days ago
857,/jobs/51678,16 days ago
858,/jobs/51677,16 days ago
859,/jobs/51673,16 days ago
860,/jobs/51672,16 days ago
861,/jobs/51669,16 days ago
862,/jobs/51668,16 days ago
863,/jobs/51667,16 days ago
864,/jobs/51665,16 days ago
865,/jobs/51662,16 days ago
866,/jobs/51661,16 days ago
867,/jobs/51654,16 days ago
868,/jobs/51651,16 days ago
869,/jobs/51645,16 days ago
870,/jobs/51642,16 days ago
871,/jobs/51639,16 days ago
872,/jobs/51638,16 days ago
873,/jobs/51635,16 days ago
874,/jobs/51633,16 days ago
875,/jobs/51631,16 days ago
876,/jobs/51629,16 days ago
877,/jobs/51628,16 days ago
878,/jobs/51627,16 days ago
879,/jobs/51626,16 days ago
880,/jobs/51625,16 days ago
881,/jobs/51622,16 days ago
882,/jobs/51621,16 days ago
883,/jobs/51620,16 days ago
884,/jobs/51616,16 days ago
885,/jobs/51611,16 days ago
886,/jobs/51607,16 days ago
887,/jobs/51606,16 days ago
888,/jobs/51604,16 days ago
889,/jobs/51603,16 days ago
890,/jobs/51602,16 days ago
891,/jobs/51600,16 days ago
892,/jobs/51599,16 days ago
893,/jobs/51598,16 days ago
894,/jobs/51597,16 days ago
895,/jobs/51595,16 days ago
896,/jobs/51593,16 days ago
897,/jobs/51592,16 days ago
898,/jobs/51591,16 days ago
899,/jobs/51587,16 days ago
900,/jobs/51586,16 days ago
901,/jobs/51585,16 days ago
902,/jobs/51584,16 days ago
903,/jobs/51581,16 days ago
904,/jobs/51580,16 days ago
905,/jobs/51579,16 days ago
906,/jobs/51578,16 days ago
907,/jobs/51577,16 days ago
908,/jobs/51576,16 days ago
909,/jobs/51573,16 days ago
910,/jobs/51570,16 days ago
911,/jobs/51569,16 days ago
912,/jobs/51568,16 days ago
913,/jobs/51566,16 days ago
914,/jobs/51565,16 days ago
915,/jobs/51562,16 days ago
916,/jobs/51553,16 days ago
917,/jobs/51549,16 days ago
918,/jobs/51543,16 days ago
919,/jobs/51542,16 days ago
920,/jobs/51540,16 days ago
921,/jobs/51536,16 days ago
922,/jobs/51534,16 days ago
923,/jobs/51533,16 days ago
924,/jobs/51530,16 days ago
925,/jobs/51529,16 days ago
926,/jobs/51528,16 days ago
927,/jobs/51523,16 days ago
928,/jobs/51522,16 days ago
929,/jobs/51518,16 days ago
930,/jobs/51515,16 days ago
931,/jobs/51506,17 days ago
932,/jobs/51502,17 days ago
933,/jobs/51500,17 days ago
934,/jobs/51499,17 days ago
935,/jobs/51496,17 days ago
936,/jobs/51494,17 days ago
937,/jobs/51489,17 days ago
938,/jobs/51488,17 days ago
939,/jobs/51486,17 days ago
940,/jobs/51478,17 days ago
941,/jobs/51468,17 days ago
942,/jobs/51467,17 days ago
943,/jobs/51466,17 days ago
944,/jobs/51465,17 days ago
945,/jobs/51462,17 days ago
946,/jobs/51457,17 days ago
947,/jobs/51449,17 days ago
948,/jobs/51437,17 days ago
949,/jobs/51430,17 days ago
950,/jobs/51428,17 days ago
951,/jobs/51425,17 days ago
952,/jobs/51419,17 days ago
953,/jobs/51417,17 days ago
954,/jobs/51410,17 days ago
955,/jobs/51407,17 days ago
956,/jobs/51404,17 days ago
957,/jobs/51402,17 days ago
958,/jobs/51399,17 days ago
959,/jobs/51397,17 days ago
960,/jobs/51395,17 days ago
961,/jobs/51393,17 days ago
962,/jobs/51392,17 days ago
963,/jobs/51383,17 days ago
964,/jobs/51382,17 days ago
965,/jobs/51381,17 days ago
966,/jobs/51380,17 days ago
967,/jobs/51374,17 days ago
968,/jobs/51369,17 days ago
969,/jobs/51368,17 days ago
970,/jobs/51367,17 days ago
971,/jobs/51364,17 days ago
972,/jobs/51363,17 days ago
973,/jobs/51362,17 days ago
974,/jobs/51358,17 days ago
975,/jobs/51355,17 days ago
976,/jobs/51354,17 days ago
977,/jobs/51352,17 days ago
978,/jobs/51351,17 days ago
979,/jobs/51350,17 days ago
980,/jobs/51347,17 days ago
981,/jobs/51344,17 days ago
982,/jobs/51342,17 days ago
983,/jobs/51335,17 days ago
984,/jobs/51332,17 days ago
985,/jobs/51331,17 days ago
986,/jobs/51329,17 days ago
987,/jobs/51328,17 days ago
988,/jobs/51325,17 days ago
989,/jobs/51323,17 days ago
990,/jobs/51322,17 days ago
991,/jobs/51321,17 days ago
992,/jobs/51320,17 days ago
993,/jobs/51318,17 days ago
994,/jobs/51312,17 days ago
995,/jobs/51309,17 days ago
996,/jobs/51308,17 days ago
997,/jobs/51305,17 days ago
998,/jobs/51301,17 days ago
999,/jobs/51299,17 days ago
1000,/jobs/51294,17 days ago
1001,/jobs/51291,17 days ago
1002,/jobs/51290,17 days ago
1003,/jobs/51289,17 days ago
1004,/jobs/51288,17 days ago
1005,/jobs/51280,17 days ago
1006,/jobs/51279,17 days ago
1007,/jobs/51277,17 days ago
1008,/jobs/51272,17 days ago
1009,/jobs/51271,17 days ago
1010,/jobs/51270,17 days ago
1011,/jobs/51269,17 days ago
1012,/jobs/51268,17 days ago
1013,/jobs/51263,17 days ago
1014,/jobs/51259,17 days ago
1015,/jobs/51252,17 days ago
1016,/jobs/51247,17 days ago
1017,/jobs/51246,17 days ago
1018,/jobs/51244,17 days ago
1019,/jobs/51242,17 days ago
1020,/jobs/51238,17 days ago
1021,/jobs/51235,17 days ago
1022,/jobs/51232,17 days ago
1023,/jobs/51227,18 days ago
1024,/jobs/51225,18 days ago
1025,/jobs/51224,18 days ago
1026,/jobs/51221,18 days ago
1027,/jobs/51210,18 days ago
1028,/jobs/51208,18 days ago
1029,/jobs/51206,18 days ago
1030,/jobs/51204,18 days ago
1031,/jobs/51200,18 days ago
1032,/jobs/51199,18 days ago
1033,/jobs/51196,18 days ago
1034,/jobs/51193,18 days ago
1035,/jobs/51190,18 days ago
1036,/jobs/51185,18 days ago
1037,/jobs/51175,18 days ago
1038,/jobs/51169,18 days ago
1039,/jobs/51156,18 days ago
1040,/jobs/51150,18 days ago
1041,/jobs/51149,18 days ago
1042,/jobs/51146,18 days ago
1043,/jobs/51145,18 days ago
1044,/jobs/51143,18 days ago
1045,/jobs/51142,18 days ago
1046,/jobs/51139,18 days ago
1047,/jobs/51136,18 days ago
1048,/jobs/51133,18 days ago
1049,/jobs/51127,18 days ago
1050,/jobs/51125,18 days ago
1051,/jobs/51124,18 days ago
1052,/jobs/51123,18 days ago
1053,/jobs/51116,18 days ago
1054,/jobs/51112,18 days ago
1055,/jobs/51111,18 days ago
1056,/jobs/51110,18 days ago
1057,/jobs/51109,18 days ago
1058,/jobs/51108,18 days ago
1059,/jobs/51104,18 days ago
1060,/jobs/51098,18 days ago
1061,/jobs/51096,18 days ago
1062,/jobs/51095,18 days ago
1063,/jobs/51087,18 days ago
1064,/jobs/51084,18 days ago
1065,/jobs/51082,18 days ago
1066,/jobs/51077,18 days ago
1067,/jobs/51074,18 days ago
1068,/jobs/51072,18 days ago
1069,/jobs/51064,18 days ago
1070,/jobs/51063,18 days ago
1071,/jobs/51062,18 days ago
1072,/jobs/51060,18 days ago
1073,/jobs/51055,18 days ago
1074,/jobs/51054,18 days ago
1075,/jobs/51050,18 days ago
1076,/jobs/51040,18 days ago
1077,/jobs/51037,18 days ago
1078,/jobs/51036,18 days ago
1079,/jobs/51033,20 days ago
1080,/jobs/51030,20 days ago
1081,/jobs/51024,20 days ago
1082,/jobs/51023,20 days ago
1083,/jobs/51022,20 days ago
1084,/jobs/51018,20 days ago
1085,/jobs/51012,20 days ago
1086,/jobs/51010,20 days ago
1087,/jobs/51008,20 days ago
1088,/jobs/51007,20 days ago
1089,/jobs/51004,20 days ago
1090,/jobs/51003,20 days ago
1091,/jobs/51001,20 days ago
1092,/jobs/50997,20 days ago
1093,/jobs/50991,20 days ago
1094,/jobs/50988,20 days ago
1095,/jobs/50983,20 days ago
1096,/jobs/50982,20 days ago
1097,/jobs/50978,20 days ago
1098,/jobs/50972,20 days ago
1099,/jobs/50964,20 days ago
1100,/jobs/50960,20 days ago
1101,/jobs/50959,20 days ago
1102,/jobs/50958,20 days ago
1103,/jobs/50953,20 days ago
1104,/jobs/50952,20 days ago
1105,/jobs/50951,20 days ago
1106,/jobs/50949,20 days ago
1107,/jobs/50948,20 days ago
1108,/jobs/50943,21 days ago
1109,/jobs/50942,21 days ago
1110,/jobs/50932,21 days ago
1111,/jobs/50931,21 days ago
1112,/jobs/50926,21 days ago
1113,/jobs/50920,21 days ago
1114,/jobs/50918,21 days ago
1115,/jobs/50917,21 days ago
1116,/jobs/50915,21 days ago
1117,/jobs/50912,21 days ago
1118,/jobs/50910,21 days ago
1119,/jobs/50909,21 days ago
1120,/jobs/50908,21 days ago
1121,/jobs/50907,21 days ago
1122,/jobs/50906,21 days ago
1123,/jobs/50904,21 days ago
1124,/jobs/50901,21 days ago
1125,/jobs/50900,21 days ago
1126,/jobs/50898,21 days ago
1127,/jobs/50897,21 days ago
1128,/jobs/50894,21 days ago
1129,/jobs/50893,21 days ago
1130,/jobs/50892,21 days ago
1131,/jobs/50891,21 days ago
1132,/jobs/50888,21 days ago
1133,/jobs/50887,21 days ago
1134,/jobs/50886,21 days ago
1135,/jobs/50885,21 days ago
1136,/jobs/50883,21 days ago
1137,/jobs/50881,21 days ago
1138,/jobs/50880,21 days ago
1139,/jobs/50879,21 days ago
1140,/jobs/50878,21 days ago
1141,/jobs/50877,21 days ago
1142,/jobs/50876,21 days ago
1143,/jobs/50874,21 days ago
1144,/jobs/50869,21 days ago
1145,/jobs/50862,21 days ago
1146,/jobs/50855,21 days ago
1147,/jobs/50854,21 days ago
1148,/jobs/50852,21 days ago
1149,/jobs/50851,21 days ago
1150,/jobs/50848,21 days ago
1151,/jobs/50842,21 days ago
1152,/jobs/50837,21 days ago
1153,/jobs/50833,21 days ago
1154,/jobs/50831,21 days ago
1155,/jobs/50830,21 days ago
1156,/jobs/50826,21 days ago
1157,/jobs/50821,21 days ago
1158,/jobs/50804,21 days ago
1159,/jobs/50801,21 days ago
1160,/jobs/50800,21 days ago
1161,/jobs/50798,21 days ago
1162,/jobs/50794,21 days ago
1163,/jobs/50792,21 days ago
1164,/jobs/50789,21 days ago
1165,/jobs/50788,21 days ago
1166,/jobs/50784,21 days ago
1167,/jobs/50781,21 days ago
1168,/jobs/50778,21 days ago
1169,/jobs/50772,21 days ago
1170,/jobs/50770,21 days ago
1171,/jobs/50769,21 days ago
1172,/jobs/50767,21 days ago
1173,/jobs/50766,21 days ago
1174,/jobs/50765,21 days ago
1175,/jobs/50764,21 days ago
1176,/jobs/50762,21 days ago
1177,/jobs/50761,21 days ago
1178,/jobs/50760,21 days ago
1179,/jobs/50751,21 days ago
1180,/jobs/50750,21 days ago
1181,/jobs/50746,21 days ago
1182,/jobs/50742,21 days ago
1183,/jobs/50736,21 days ago
1184,/jobs/50730,21 days ago
1185,/jobs/50729,21 days ago
1186,/jobs/50728,21 days ago
1187,/jobs/50726,21 days ago
1188,/jobs/50723,22 days ago
1189,/jobs/50721,22 days ago
1190,/jobs/50717,22 days ago
1191,/jobs/50715,22 days ago
1192,/jobs/50713,22 days ago
1193,/jobs/50712,22 days ago
1194,/jobs/50709,22 days ago
1195,/jobs/50703,22 days ago
1196,/jobs/50700,22 days ago
1197,/jobs/50693,22 days ago
1198,/jobs/50691,22 days ago
1199,/jobs/50688,22 days ago
1200,/jobs/50686,22 days ago
1201,/jobs/50685,22 days ago
1202,/jobs/50673,22 days ago
1203,/jobs/50672,22 days ago
1204,/jobs/50668,22 days ago
1205,/jobs/50663,22 days ago
1206,/jobs/50661,22 days ago
1207,/jobs/50660,22 days ago
1208,/jobs/50655,22 days ago
1209,/jobs/50652,22 days ago
1210,/jobs/50649,22 days ago
1211,/jobs/50645,22 days ago
1212,/jobs/50638,22 days ago
1213,/jobs/50632,22 days ago
1214,/jobs/50629,22 days ago
1215,/jobs/50628,22 days ago
1216,/jobs/50624,22 days ago
1217,/jobs/50621,22 days ago
1218,/jobs/50616,22 days ago
1219,/jobs/50613,22 days ago
1220,/jobs/50609,22 days ago
1221,/jobs/50608,22 days ago
1222,/jobs/50602,22 days ago
1223,/jobs/50598,22 days ago
1224,/jobs/50596,22 days ago
1225,/jobs/50593,22 days ago
1226,/jobs/50591,22 days ago
1227,/jobs/50587,22 days ago
1228,/jobs/50582,22 days ago
1229,/jobs/50580,22 days ago
1230,/jobs/50577,22 days ago
1231,/jobs/50576,22 days ago
1232,/jobs/50575,22 days ago
1233,/jobs/50571,22 days ago
1234,/jobs/50569,22 days ago
1235,/jobs/50567,22 days ago
1236,/jobs/50563,22 days ago
1237,/jobs/50562,22 days ago
1238,/jobs/50551,22 days ago
1239,/jobs/50548,22 days ago
1240,/jobs/50543,22 days ago
1241,/jobs/50541,22 days ago
1242,/jobs/50539,22 days ago
1243,/jobs/50538,22 days ago
1244,/jobs/50535,22 days ago
1245,/jobs/50530,22 days ago
1246,/jobs/50528,22 days ago
1247,/jobs/50522,22 days ago
1248,/jobs/50521,22 days ago
1249,/jobs/50518,22 days ago
1250,/jobs/50514,22 days ago
1251,/jobs/50513,22 days ago
1252,/jobs/50505,22 days ago
1253,/jobs/50502,22 days ago
1254,/jobs/50499,22 days ago
1255,/jobs/50492,22 days ago
1256,/jobs/50491,22 days ago
1257,/jobs/50487,22 days ago
1258,/jobs/50486,22 days ago
1259,/jobs/50485,23 days ago
1260,/jobs/50484,23 days ago
1261,/jobs/50479,23 days ago
1262,/jobs/50478,23 days ago
1263,/jobs/50473,23 days ago
1264,/jobs/50470,23 days ago
1265,/jobs/50467,23 days ago
1266,/jobs/50464,23 days ago
1267,/jobs/50463,23 days ago
1268,/jobs/50462,23 days ago
1269,/jobs/50461,23 days ago
1270,/jobs/50458,23 days ago
1271,/jobs/50456,23 days ago
1272,/jobs/50455,23 days ago
1273,/jobs/50452,23 days ago
1274,/jobs/50450,23 days ago
1275,/jobs/50449,23 days ago
1276,/jobs/50447,23 days ago
1277,/jobs/50446,23 days ago
1278,/jobs/50443,23 days ago
1279,/jobs/50442,23 days ago
1280,/jobs/50439,23 days ago
1281,/jobs/50438,23 days ago
1282,/jobs/50435,23 days ago
1283,/jobs/50433,23 days ago
1284,/jobs/50431,23 days ago
1285,/jobs/50430,23 days ago
1286,/jobs/50429,23 days ago
1287,/jobs/50428,23 days ago
1288,/jobs/50425,23 days ago
1289,/jobs/50423,23 days ago
1290,/jobs/50422,23 days ago
1291,/jobs/50419,23 days ago
1292,/jobs/50416,23 days ago
1293,/jobs/50414,23 days ago
1294,/jobs/50412,23 days ago
1295,/jobs/50411,23 days ago
1296,/jobs/50410,23 days ago
1297,/jobs/50408,23 days ago
1298,/jobs/50405,23 days ago
1299,/jobs/50404,23 days ago
1300,/jobs/50403,23 days ago
1301,/jobs/50402,23 days ago
1302,/jobs/50397,23 days ago
1303,/jobs/50395,23 days ago
1304,/jobs/50394,23 days ago
1305,/jobs/50377,23 days ago
1306,/jobs/50376,23 days ago
1307,/jobs/50375,23 days ago
1308,/jobs/50373,23 days ago
1309,/jobs/50371,23 days ago
1310,/jobs/50362,23 days ago
1311,/jobs/50357,23 days ago
1312,/jobs/50356,23 days ago
1313,/jobs/50352,23 days ago
1314,/jobs/50349,23 days ago
1315,/jobs/50348,23 days ago
1316,/jobs/50345,24 days ago
1317,/jobs/50344,24 days ago
1318,/jobs/50342,24 days ago
1319,/jobs/50334,24 days ago
1320,/jobs/50332,24 days ago
1321,/jobs/50330,24 days ago
1322,/jobs/50327,24 days ago
1323,/jobs/50323,24 days ago
1324,/jobs/50314,24 days ago
1325,/jobs/50312,24 days ago
1326,/jobs/50311,24 days ago
1327,/jobs/50308,24 days ago
1328,/jobs/50301,24 days ago
1329,/jobs/50299,24 days ago
1330,/jobs/50298,24 days ago
1331,/jobs/50297,24 days ago
1332,/jobs/50292,24 days ago
1333,/jobs/50290,24 days ago
1334,/jobs/50289,24 days ago
1335,/jobs/50286,24 days ago
1336,/jobs/50285,24 days ago
1337,/jobs/50283,24 days ago
1338,/jobs/50274,24 days ago
1339,/jobs/50273,24 days ago
1340,/jobs/50272,24 days ago
1341,/jobs/50271,24 days ago
1342,/jobs/50269,24 days ago
1343,/jobs/50266,24 days ago
1344,/jobs/50258,24 days ago
1345,/jobs/50256,24 days ago
1346,/jobs/50253,24 days ago
1347,/jobs/50252,24 days ago
1348,/jobs/50249,24 days ago
1349,/jobs/50247,24 days ago
1350,/jobs/50246,24 days ago
1351,/jobs/50245,24 days ago
1352,/jobs/50244,24 days ago
1353,/jobs/50241,24 days ago
1354,/jobs/50240,24 days ago
1355,/jobs/50237,24 days ago
1356,/jobs/50230,24 days ago
1357,/jobs/50229,24 days ago
1358,/jobs/50224,24 days ago
1359,/jobs/50223,24 days ago
1360,/jobs/50222,24 days ago
1361,/jobs/50217,24 days ago
1362,/jobs/50216,24 days ago
1363,/jobs/50212,24 days ago
1364,/jobs/50211,24 days ago
1365,/jobs/50208,24 days ago
1366,/jobs/50207,24 days ago
1367,/jobs/50205,24 days ago
1368,/jobs/50201,24 days ago
1369,/jobs/50199,24 days ago
1370,/jobs/50196,24 days ago
1371,/jobs/50194,24 days ago
1372,/jobs/50192,24 days ago
1373,/jobs/50191,24 days ago
1374,/jobs/50190,24 days ago
1375,/jobs/50188,24 days ago
1376,/jobs/50187,24 days ago
1377,/jobs/50184,24 days ago
1378,/jobs/50181,24 days ago
1379,/jobs/50177,24 days ago
1380,/jobs/50170,25 days ago
1381,/jobs/50166,25 days ago
1382,/jobs/50161,25 days ago
1383,/jobs/50158,25 days ago
1384,/jobs/50153,25 days ago
1385,/jobs/50146,25 days ago
1386,/jobs/50144,25 days ago
1387,/jobs/50142,25 days ago
1388,/jobs/50140,25 days ago
1389,/jobs/50137,25 days ago
1390,/jobs/50134,25 days ago
1391,/jobs/50133,25 days ago
1392,/jobs/50126,25 days ago
1393,/jobs/50125,25 days ago
1394,/jobs/50123,25 days ago
1395,/jobs/50120,25 days ago
1396,/jobs/50117,25 days ago
1397,/jobs/50115,25 days ago
1398,/jobs/50111,25 days ago
1399,/jobs/50109,25 days ago
1400,/jobs/50102,25 days ago
1401,/jobs/50099,25 days ago
1402,/jobs/50090,25 days ago
1403,/jobs/50087,25 days ago
1404,/jobs/50086,25 days ago
1405,/jobs/50084,25 days ago
1406,/jobs/50082,25 days ago
1407,/jobs/50080,25 days ago
1408,/jobs/50077,25 days ago
1409,/jobs/50073,25 days ago
1410,/jobs/50068,25 days ago
1411,/jobs/50067,25 days ago
1412,/jobs/50066,25 days ago
1413,/jobs/50065,25 days ago
1414,/jobs/50064,25 days ago
1415,/jobs/50060,25 days ago
1416,/jobs/50058,25 days ago
1417,/jobs/50056,25 days ago
1418,/jobs/50055,25 days ago
1419,/jobs/50053,25 days ago
1420,/jobs/50051,25 days ago
1421,/jobs/50050,25 days ago
1422,/jobs/50047,25 days ago
1423,/jobs/50044,25 days ago
1424,/jobs/50042,25 days ago
1425,/jobs/50040,25 days ago
1426,/jobs/50038,25 days ago
1427,/jobs/50037,25 days ago
1428,/jobs/50034,25 days ago
1429,/jobs/50032,25 days ago
1430,/jobs/50030,25 days ago
1431,/jobs/50029,25 days ago
1432,/jobs/50026,25 days ago
1433,/jobs/50025,25 days ago
1434,/jobs/50021,25 days ago
1435,/jobs/50010,25 days ago
1436,/jobs/50008,25 days ago
1437,/jobs/50004,25 days ago
1438,/jobs/50001,25 days ago
1439,/jobs/49996,25 days ago
1440,/jobs/49993,25 days ago
1441,/jobs/49991,25 days ago
1442,/jobs/49983,27 days ago
1443,/jobs/49982,27 days ago
1444,/jobs/49980,27 days ago
1445,/jobs/49965,27 days ago
1446,/jobs/49961,27 days ago
1447,/jobs/49956,27 days ago
1448,/jobs/49954,27 days ago
1449,/jobs/49953,27 days ago
1450,/jobs/49950,27 days ago
1451,/jobs/49948,27 days ago
1452,/jobs/49946,27 days ago
1453,/jobs/49942,27 days ago
1454,/jobs/49939,27 days ago
1455,/jobs/49936,27 days ago
1456,/jobs/49932,27 days ago
1457,/jobs/49918,28 days ago
1458,/jobs/49917,28 days ago
1459,/jobs/49915,28 days ago
1460,/jobs/49898,28 days ago
1461,/jobs/49895,28 days ago
1462,/jobs/49891,28 days ago
1463,/jobs/49887,28 days ago
1464,/jobs/49884,28 days ago
1465,/jobs/49875,28 days ago
1466,/jobs/49874,28 days ago
1467,/jobs/49873,28 days ago
1468,/jobs/49869,28 days ago
1469,/jobs/49868,28 days ago
1470,/jobs/49864,28 days ago
1471,/jobs/49863,28 days ago
1472,/jobs/49862,28 days ago
1473,/jobs/49857,28 days ago
1474,/jobs/49847,28 days ago
1475,/jobs/49846,28 days ago
1476,/jobs/49841,28 days ago
1477,/jobs/49840,28 days ago
1478,/jobs/49838,28 days ago
1479,/jobs/49835,28 days ago
1480,/jobs/49834,28 days ago
1481,/jobs/49833,28 days ago
1482,/jobs/49829,28 days ago
1483,/jobs/49828,28 days ago
1484,/jobs/49827,28 days ago
1485,/jobs/49826,28 days ago
1486,/jobs/49821,28 days ago
1487,/jobs/49811,28 days ago
1488,/jobs/49810,28 days ago
1489,/jobs/49805,28 days ago
1490,/jobs/49804,28 days ago
1491,/jobs/49800,28 days ago
1492,/jobs/49799,28 days ago
1493,/jobs/49793,28 days ago
1494,/jobs/49791,28 days ago
1495,/jobs/49790,28 days ago
1496,/jobs/49785,28 days ago
1497,/jobs/49778,28 days ago
1498,/jobs/49777,28 days ago
1499,/jobs/49774,28 days ago
1500,/jobs/49773,28 days ago
1501,/jobs/49771,28 days ago
1502,/jobs/49766,28 days ago
1503,/jobs/49765,28 days ago
1504,/jobs/49764,28 days ago
1505,/jobs/49763,28 days ago
1506,/jobs/49760,28 days ago
1507,/jobs/49758,28 days ago
1508,/jobs/49755,28 days ago
1509,/jobs/49752,28 days ago
1510,/jobs/49749,28 days ago
1511,/jobs/49748,28 days ago
1512,/jobs/49747,28 days ago
1513,/jobs/49745,28 days ago
1514,/jobs/49742,28 days ago
1515,/jobs/49740,28 days ago
1516,/jobs/49739,28 days ago
1517,/jobs/49737,28 days ago
1518,/jobs/49734,28 days ago
1519,/jobs/49733,28 days ago
1520,/jobs/49728,28 days ago
1521,/jobs/49726,28 days ago
1522,/jobs/49721,28 days ago
1523,/jobs/49719,28 days ago
1524,/jobs/49718,28 days ago
1525,/jobs/49717,28 days ago
1526,/jobs/49716,29 days ago
1527,/jobs/49715,29 days ago
1528,/jobs/49714,29 days ago
1529,/jobs/49713,29 days ago
1530,/jobs/49710,29 days ago
1531,/jobs/49709,29 days ago
1532,/jobs/49708,29 days ago
1533,/jobs/49707,29 days ago
1534,/jobs/49705,29 days ago
1535,/jobs/49702,29 days ago
1536,/jobs/49697,29 days ago
1537,/jobs/49696,29 days ago
1538,/jobs/49692,29 days ago
1539,/jobs/49690,29 days ago
1540,/jobs/49689,29 days ago
1541,/jobs/49686,29 days ago
1542,/jobs/49685,29 days ago
1543,/jobs/49684,29 days ago
1544,/jobs/49681,29 days ago
1545,/jobs/49679,29 days ago
1546,/jobs/49675,29 days ago
1547,/jobs/49672,29 days ago
1548,/jobs/49670,29 days ago
1549,/jobs/49669,29 days ago
1550,/jobs/49665,29 days ago
1551,/jobs/49660,29 days ago
1552,/jobs/49658,29 days ago
1553,/jobs/49652,29 days ago
1554,/jobs/49649,29 days ago
1555,/jobs/49648,29 days ago
1556,/jobs/49646,29 days ago
1557,/jobs/49644,29 days ago
1558,/jobs/49643,29 days ago
1559,/jobs/49640,29 days ago
1560,/jobs/49639,29 days ago
1561,/jobs/49629,29 days ago
1562,/jobs/49626,29 days ago
1563,/jobs/49624,29 days ago
1564,/jobs/49619,29 days ago
1565,/jobs/49618,29 days ago
1566,/jobs/49616,29 days ago
1567,/jobs/49608,29 days ago
1568,/jobs/49607,29 days ago
1569,/jobs/49602,29 days ago
1570,/jobs/49601,29 days ago
1571,/jobs/49600,29 days ago
1572,/jobs/49598,29 days ago
1573,/jobs/49597,29 days ago
1574,/jobs/49596,29 days ago
1575,/jobs/49593,29 days ago
1576,/jobs/49587,29 days ago
1577,/jobs/49580,29 days ago
1578,/jobs/49577,29 days ago
1579,/jobs/49574,29 days ago
1580,/jobs/49572,29 days ago
1581,/jobs/49570,29 days ago
1582,/jobs/49568,29 days ago
1583,/jobs/49567,29 days ago
1584,/jobs/49566,29 days ago
1585,/jobs/49563,29 days ago
1586,/jobs/49562,29 days ago
1587,/jobs/49561,29 days ago
1588,/jobs/49560,29 days ago
1589,/jobs/49559,29 days ago
1590,/jobs/49558,29 days ago
1591,/jobs/49556,29 days ago
1592,/jobs/49552,29 days ago
1593,/jobs/49550,29 days ago
1594,/jobs/49548,29 days ago
1595,/jobs/49547,29 days ago
1596,/jobs/49545,29 days ago
1597,/jobs/49540,29 days ago
1598,/jobs/49538,29 days ago
1599,/jobs/49537,29 days ago
1600,/jobs/49536,29 days ago
1601,/jobs/49532,29 days ago
1602,/jobs/49525,30 days ago
1603,/jobs/49524,30 days ago
1604,/jobs/49519,30 days ago
1605,/jobs/49517,30 days ago
1606,/jobs/49516,30 days ago
1607,/jobs/49515,30 days ago
1608,/jobs/49514,30 days ago
1609,/jobs/49513,30 days ago
1610,/jobs/49512,30 days ago
1611,/jobs/49511,30 days ago
1612,/jobs/49508,30 days ago
1613,/jobs/49507,30 days ago
1614,/jobs/49506,30 days ago
1615,/jobs/49501,30 days ago
1616,/jobs/49500,30 days ago
1617,/jobs/49496,30 days ago
1618,/jobs/49493,30 days ago
1619,/jobs/49492,30 days ago
1620,/jobs/49487,30 days ago
1621,/jobs/49486,30 days ago
1622,/jobs/49479,30 days ago
1623,/jobs/49471,30 days ago
1624,/jobs/49470,30 days ago
1625,/jobs/49467,30 days ago
1626,/jobs/49463,30 days ago
1627,/jobs/49462,30 days ago
1628,/jobs/49460,30 days ago
1629,/jobs/49459,30 days ago
1630,/jobs/49455,30 days ago
1631,/jobs/49454,30 days ago
1632,/jobs/49452,30 days ago
1633,/jobs/49451,30 days ago
1634,/jobs/49448,30 days ago
1635,/jobs/49446,30 days ago
1636,/jobs/49445,30 days ago
1637,/jobs/49444,30 days ago
1638,/jobs/49441,30 days ago
1639,/jobs/49435,30 days ago
1640,/jobs/49433,30 days ago
1641,/jobs/49431,30 days ago
1642,/jobs/49430,30 days ago
1643,/jobs/49428,30 days ago
1644,/jobs/49426,30 days ago
1645,/jobs/49418,30 days ago
1646,/jobs/49417,30 days ago
1647,/jobs/49415,30 days ago
1648,/jobs/49413,30 days ago
1649,/jobs/49412,30 days ago
1650,/jobs/49410,30 days ago
1651,/jobs/49409,30 days ago
1652,/jobs/49407,30 days ago
1653,/jobs/49402,30 days ago
1654,/jobs/49401,30 days ago
1655,/jobs/49398,30 days ago
1656,/jobs/49390,30 days ago
1657,/jobs/49386,30 days ago
1658,/jobs/49385,30 days ago
1659,/jobs/49384,30 days ago
1660,/jobs/49382,30 days ago
1661,/jobs/49381,30 days ago
1662,/jobs/49373,about 1 month ago
1663,/jobs/49367,about 1 month ago
1664,/jobs/49363,about 1 month ago
1665,/jobs/49361,about 1 month ago
1666,/jobs/49358,about 1 month ago
1667,/jobs/49347,about 1 month ago
1668,/jobs/49344,about 1 month ago
1669,/jobs/49343,about 1 month ago
1670,/jobs/49340,about 1 month ago
1671,/jobs/49337,about 1 month ago
1672,/jobs/49336,about 1 month ago
1673,/jobs/49334,about 1 month ago
1674,/jobs/49332,about 1 month ago
1675,/jobs/49330,about 1 month ago
1676,/jobs/49323,about 1 month ago
1677,/jobs/49319,about 1 month ago
1678,/jobs/49313,about 1 month ago
1679,/jobs/49311,about 1 month ago
1680,/jobs/49310,about 1 month ago
1681,/jobs/49304,about 1 month ago
1682,/jobs/49302,about 1 month ago
1683,/jobs/49299,about 1 month ago
1684,/jobs/49291,about 1 month ago
1685,/jobs/49289,about 1 month ago
1686,/jobs/49287,about 1 month ago
1687,/jobs/49282,about 1 month ago
1688,/jobs/49281,about 1 month ago
1689,/jobs/49270,about 1 month ago
1690,/jobs/49268,about 1 month ago
1691,/jobs/49266,about 1 month ago
1692,/jobs/49263,about 1 month ago
1693,/jobs/49262,about 1 month ago
1694,/jobs/49260,about 1 month ago
1695,/jobs/49256,about 1 month ago
1696,/jobs/49253,about 1 month ago
1697,/jobs/49251,about 1 month ago
1698,/jobs/49248,about 1 month ago
1699,/jobs/49247,about 1 month ago
1700,/jobs/49245,about 1 month ago
1701,/jobs/49240,about 1 month ago
1702,/jobs/49236,about 1 month ago
1703,/jobs/49235,about 1 month ago
1704,/jobs/49230,about 1 month ago
1705,/jobs/49229,about 1 month ago
1706,/jobs/49228,about 1 month ago
1707,/jobs/49227,about 1 month ago
1708,/jobs/49226,about 1 month ago
1709,/jobs/49224,about 1 month ago
1710,/jobs/49223,about 1 month ago
1711,/jobs/49221,about 1 month ago
1712,/jobs/49220,about 1 month ago
1713,/jobs/49219,about 1 month ago
1714,/jobs/49217,about 1 month ago
1715,/jobs/49213,about 1 month ago
1716,/jobs/49211,about 1 month ago
1717,/jobs/49210,about 1 month ago
1718,/jobs/49209,about 1 month ago
1719,/jobs/49208,about 1 month ago
1720,/jobs/49205,about 1 month ago
1721,/jobs/49203,about 1 month ago
1722,/jobs/49201,about 1 month ago
1723,/jobs/49200,about 1 month ago
1724,/jobs/49196,about 1 month ago
1725,/jobs/49193,about 1 month ago
1726,/jobs/49192,about 1 month ago
1727,/jobs/49190,about 1 month ago
1728,/jobs/49182,about 1 month ago
1729,/jobs/49180,about 1 month ago
1730,/jobs/49179,about 1 month ago
1731,/jobs/49177,about 1 month ago
1732,/jobs/49176,about 1 month ago
1733,/jobs/49173,about 1 month ago
1734,/jobs/49171,about 1 month ago
1735,/jobs/49163,about 1 month ago
1736,/jobs/49160,about 1 month ago
1737,/jobs/49158,about 1 month ago
1738,/jobs/49155,about 1 month ago
1739,/jobs/49154,about 1 month ago
1740,/jobs/49150,about 1 month ago
1741,/jobs/49144,about 1 month ago
1742,/jobs/49138,about 1 month ago
1743,/jobs/49137,about 1 month ago
1744,/jobs/49136,about 1 month ago
1745,/jobs/49134,about 1 month ago
1746,/jobs/49130,about 1 month ago
1747,/jobs/49128,about 1 month ago
1748,/jobs/49126,about 1 month ago
1749,/jobs/49124,about 1 month ago
1750,/jobs/49123,about 1 month ago
1751,/jobs/49117,about 1 month ago
1752,/jobs/49116,about 1 month ago
1753,/jobs/49114,about 1 month ago
1754,/jobs/49113,about 1 month ago
1755,/jobs/49112,about 1 month ago
1756,/jobs/49110,about 1 month ago
1757,/jobs/49108,about 1 month ago
1758,/jobs/49104,about 1 month ago
1759,/jobs/49103,about 1 month ago
1760,/jobs/49101,about 1 month ago
1761,/jobs/49099,about 1 month ago
1762,/jobs/49098,about 1 month ago
1763,/jobs/49093,about 1 month ago
1764,/jobs/49090,about 1 month ago
1765,/jobs/49080,about 1 month ago
1766,/jobs/49079,about 1 month ago
1767,/jobs/49072,about 1 month ago
1768,/jobs/49069,about 1 month ago
1769,/jobs/49068,about 1 month ago
1770,/jobs/49065,about 1 month ago
1771,/jobs/49064,about 1 month ago
1772,/jobs/49058,about 1 month ago
1773,/jobs/49057,about 1 month ago
1774,/jobs/49056,about 1 month ago
1775,/jobs/49049,about 1 month ago
1776,/jobs/49047,about 1 month ago
1777,/jobs/49045,about 1 month ago
1778,/jobs/49043,about 1 month ago
1779,/jobs/49041,about 1 month ago
1780,/jobs/49040,about 1 month ago
1781,/jobs/49039,about 1 month ago
1782,/jobs/49037,about 1 month ago
1783,/jobs/49034,about 1 month ago
1784,/jobs/49031,about 1 month ago
1785,/jobs/49029,about 1 month ago
1786,/jobs/49025,about 1 month ago
1787,/jobs/49023,about 1 month ago
1788,/jobs/49022,about 1 month ago
1789,/jobs/49021,about 1 month ago
1790,/jobs/49019,about 1 month ago
1791,/jobs/49018,about 1 month ago
1792,/jobs/49016,about 1 month ago
1793,/jobs/49015,about 1 month ago
1794,/jobs/49011,about 1 month ago
1795,/jobs/49005,about 1 month ago
1796,/jobs/49000,about 1 month ago
1797,/jobs/48998,about 1 month ago
1798,/jobs/48996,about 1 month ago
1799,/jobs/48995,about 1 month ago
1800,/jobs/48993,about 1 month ago
1801,/jobs/48991,about 1 month ago
1802,/jobs/48990,about 1 month ago
1803,/jobs/48986,about 1 month ago
1804,/jobs/48984,about 1 month ago
1805,/jobs/48983,about 1 month ago
1806,/jobs/48981,about 1 month ago
1807,/jobs/48980,about 1 month ago
1808,/jobs/48979,about 1 month ago
1809,/jobs/48976,about 1 month ago
1810,/jobs/48975,about 1 month ago
1811,/jobs/48973,about 1 month ago
1812,/jobs/48972,about 1 month ago
1813,/jobs/48970,about 1 month ago
1814,/jobs/48966,about 1 month ago
1815,/jobs/48964,about 1 month ago
1816,/jobs/48962,about 1 month ago
1817,/jobs/48960,about 1 month ago
1818,/jobs/48959,about 1 month ago
1819,/jobs/48958,about 1 month ago
1820,/jobs/48957,about 1 month ago
1821,/jobs/48956,about 1 month ago
1822,/jobs/48955,about 1 month ago
1823,/jobs/48954,about 1 month ago
1824,/jobs/48953,about 1 month ago
1825,/jobs/48952,about 1 month ago
1826,/jobs/48948,about 1 month ago
1827,/jobs/48947,about 1 month ago
1828,/jobs/48946,about 1 month ago
1829,/jobs/48945,about 1 month ago
1830,/jobs/48944,about 1 month ago
1831,/jobs/48943,about 1 month ago
1832,/jobs/48941,about 1 month ago
1833,/jobs/48937,about 1 month ago
1834,/jobs/48935,about 1 month ago
1835,/jobs/48934,about 1 month ago
1836,/jobs/48931,about 1 month ago
1837,/jobs/48928,about 1 month ago
1838,/jobs/48926,about 1 month ago
1839,/jobs/48921,about 1 month ago
1840,/jobs/48914,about 1 month ago
1841,/jobs/48903,about 1 month ago
1842,/jobs/48896,about 1 month ago
1843,/jobs/48894,about 1 month ago
1844,/jobs/48892,about 1 month ago
1845,/jobs/48890,about 1 month ago
1846,/jobs/48888,about 1 month ago
1847,/jobs/48885,about 1 month ago
1848,/jobs/48883,about 1 month ago
1849,/jobs/48882,about 1 month ago
1850,/jobs/48881,about 1 month ago
1851,/jobs/48880,about 1 month ago
1852,/jobs/48877,about 1 month ago
1853,/jobs/48876,about 1 month ago
1854,/jobs/48874,about 1 month ago
1855,/jobs/48873,about 1 month ago
1856,/jobs/48872,about 1 month ago
1857,/jobs/48866,about 1 month ago
1858,/jobs/48860,about 1 month ago
1859,/jobs/48858,about 1 month ago
1860,/jobs/48855,about 1 month ago
1861,/jobs/48852,about 1 month ago
1862,/jobs/48850,about 1 month ago
1863,/jobs/48848,about 1 month ago
1864,/jobs/48847,about 1 month ago
1865,/jobs/48846,about 1 month ago
1866,/jobs/48843,about 1 month ago
1867,/jobs/48842,about 1 month ago
1868,/jobs/48841,about 1 month ago
1869,/jobs/48839,about 1 month ago
1870,/jobs/48838,about 1 month ago
1871,/jobs/48837,about 1 month ago
1872,/jobs/48836,about 1 month ago
1873,/jobs/48835,about 1 month ago
1874,/jobs/48831,about 1 month ago
1875,/jobs/48827,about 1 month ago
1876,/jobs/48817,about 1 month ago
1877,/jobs/48816,about 1 month ago
1878,/jobs/48815,about 1 month ago
1879,/jobs/48811,about 1 month ago
1880,/jobs/48810,about 1 month ago
1881,/jobs/48807,about 1 month ago
1882,/jobs/48805,about 1 month ago
1883,/jobs/48803,about 1 month ago
1884,/jobs/48800,about 1 month ago
1885,/jobs/48799,about 1 month ago
1886,/jobs/48795,about 1 month ago
1887,/jobs/48794,about 1 month ago
1888,/jobs/48784,about 1 month ago
1889,/jobs/48783,about 1 month ago
1890,/jobs/48778,about 1 month ago
1891,/jobs/48777,about 1 month ago
1892,/jobs/48775,about 1 month ago
1893,/jobs/48774,about 1 month ago
1894,/jobs/48771,about 1 month ago
1895,/jobs/48764,about 1 month ago
1896,/jobs/48762,about 1 month ago
1897,/jobs/48761,about 1 month ago
1898,/jobs/48760,about 1 month ago
1899,/jobs/48759,about 1 month ago
1900,/jobs/48749,about 1 month ago
1901,/jobs/48747,about 1 month ago
1902,/jobs/48746,about 1 month ago
1903,/jobs/48742,about 1 month ago
1904,/jobs/48736,about 1 month ago
1905,/jobs/48735,about 1 month ago
1906,/jobs/48734,about 1 month ago
1907,/jobs/48732,about 1 month ago
1908,/jobs/48731,about 1 month ago
1909,/jobs/48730,about 1 month ago
1910,/jobs/48726,about 1 month ago
1911,/jobs/48725,about 1 month ago
1912,/jobs/48723,about 1 month ago
1913,/jobs/48720,about 1 month ago
1914,/jobs/48719,about 1 month ago
1915,/jobs/48717,about 1 month ago
1916,/jobs/48715,about 1 month ago
1917,/jobs/48708,about 1 month ago
1918,/jobs/48702,about 1 month ago
1919,/jobs/48698,about 1 month ago
1920,/jobs/48696,about 1 month ago
1921,/jobs/48693,about 1 month ago
1922,/jobs/48691,about 1 month ago
1923,/jobs/48689,about 1 month ago
1924,/jobs/48688,about 1 month ago
1925,/jobs/48684,about 1 month ago
1926,/jobs/48682,about 1 month ago
1927,/jobs/48680,about 1 month ago
1928,/jobs/48677,about 1 month ago
1929,/jobs/48675,about 1 month ago
1930,/jobs/48674,about 1 month ago
1931,/jobs/48672,about 1 month ago
1932,/jobs/48671,about 1 month ago
1933,/jobs/48669,about 1 month ago
1934,/jobs/48668,about 1 month ago
1935,/jobs/48667,about 1 month ago
1936,/jobs/48666,about 1 month ago
1937,/jobs/48664,about 1 month ago
1938,/jobs/48657,about 1 month ago
1939,/jobs/48656,about 1 month ago
1940,/jobs/48655,about 1 month ago
1941,/jobs/48653,about 1 month ago
1942,/jobs/48651,about 1 month ago
1943,/jobs/48650,about 1 month ago
1944,/jobs/48647,about 1 month ago
1945,/jobs/48645,about 1 month ago
1946,/jobs/48642,about 1 month ago
1947,/jobs/48639,about 1 month ago
1948,/jobs/48634,about 1 month ago
1949,/jobs/48625,about 1 month ago
1950,/jobs/48623,about 1 month ago
1951,/jobs/48622,about 1 month ago
1952,/jobs/48612,about 1 month ago
1953,/jobs/48611,about 1 month ago
1954,/jobs/48606,about 1 month ago
1955,/jobs/48603,about 1 month ago
1956,/jobs/48596,about 1 month ago
1957,/jobs/48593,about 1 month ago
1958,/jobs/48589,about 1 month ago
1959,/jobs/48588,about 1 month ago
1960,/jobs/48585,about 1 month ago
1961,/jobs/48584,about 1 month ago
1962,/jobs/48583,about 1 month ago
1963,/jobs/48582,about 1 month ago
1964,/jobs/48580,about 1 month ago
1965,/jobs/48577,about 1 month ago
1966,/jobs/48572,about 1 month ago
1967,/jobs/48571,about 1 month ago
1968,/jobs/48570,about 1 month ago
1969,/jobs/48563,about 1 month ago
1970,/jobs/48561,about 1 month ago
1971,/jobs/48560,about 1 month ago
1972,/jobs/48559,about 1 month ago
1973,/jobs/48558,about 1 month ago
1974,/jobs/48557,about 1 month ago
1975,/jobs/48554,about 1 month ago
1976,/jobs/48552,about 1 month ago
1977,/jobs/48551,about 1 month ago
1978,/jobs/48550,about 1 month ago
1979,/jobs/48545,about 1 month ago
1980,/jobs/48542,about 1 month ago
1981,/jobs/48541,about 1 month ago
1982,/jobs/48540,about 1 month ago
1983,/jobs/48531,about 1 month ago
1984,/jobs/48529,about 1 month ago
1985,/jobs/48527,about 1 month ago
1986,/jobs/48525,about 1 month ago
1987,/jobs/48523,about 1 month ago
1988,/jobs/48521,about 1 month ago
1989,/jobs/48520,about 1 month ago
1990,/jobs/48518,about 1 month ago
1991,/jobs/48517,about 1 month ago
1992,/jobs/48516,about 1 month ago
1993,/jobs/48515,about 1 month ago
1994,/jobs/48514,about 1 month ago
1995,/jobs/48511,about 1 month ago
1996,/jobs/48510,about 1 month ago
1997,/jobs/48508,about 1 month ago
1998,/jobs/48507,about 1 month ago
1999,/jobs/48502,about 1 month ago
2000,/jobs/48501,about 1 month ago
2001,/jobs/48499,about 1 month ago
2002,/jobs/48498,about 1 month ago
2003,/jobs/48494,about 1 month ago
2004,/jobs/48493,about 1 month ago
2005,/jobs/48491,about 1 month ago
2006,/jobs/48486,about 1 month ago
2007,/jobs/48485,about 1 month ago
2008,/jobs/48475,about 1 month ago
2009,/jobs/48465,about 1 month ago
2010,/jobs/48463,about 1 month ago
2011,/jobs/48459,about 1 month ago
2012,/jobs/48454,about 1 month ago
2013,/jobs/48450,about 1 month ago
2014,/jobs/48447,about 1 month ago
2015,/jobs/48446,about 1 month ago
2016,/jobs/48442,about 1 month ago
2017,/jobs/48439,about 1 month ago
2018,/jobs/48435,about 1 month ago
2019,/jobs/48432,about 1 month ago
2020,/jobs/48430,about 1 month ago
2021,/jobs/48429,about 1 month ago
2022,/jobs/48428,about 1 month ago
2023,/jobs/48427,about 1 month ago
2024,/jobs/48426,about 1 month ago
2025,/jobs/48424,about 1 month ago
2026,/jobs/48422,about 1 month ago
2027,/jobs/48417,about 1 month ago
2028,/jobs/48415,about 1 month ago
2029,/jobs/48410,about 1 month ago
2030,/jobs/48409,about 1 month ago
2031,/jobs/48407,about 1 month ago
2032,/jobs/48399,about 1 month ago
2033,/jobs/48397,about 1 month ago
2034,/jobs/48395,about 1 month ago
2035,/jobs/48392,about 1 month ago
2036,/jobs/48386,about 1 month ago
2037,/jobs/48385,about 1 month ago
2038,/jobs/48381,about 1 month ago
2039,/jobs/48380,about 1 month ago
2040,/jobs/48375,about 1 month ago
2041,/jobs/48374,about 1 month ago
2042,/jobs/48373,about 1 month ago
2043,/jobs/48372,about 1 month ago
2044,/jobs/48371,about 1 month ago
2045,/jobs/48365,about 1 month ago
2046,/jobs/48364,about 1 month ago
2047,/jobs/48363,about 1 month ago
2048,/jobs/48362,about 1 month ago
2049,/jobs/48358,about 1 month ago
2050,/jobs/48355,about 1 month ago
2051,/jobs/48354,about 1 month ago
2052,/jobs/48348,about 1 month ago
2053,/jobs/48345,about 1 month ago
2054,/jobs/48344,about 1 month ago
2055,/jobs/48343,about 1 month ago
2056,/jobs/48341,about 1 month ago
2057,/jobs/48340,about 1 month ago
2058,/jobs/48335,about 1 month ago
2059,/jobs/48334,about 1 month ago
2060,/jobs/48333,about 1 month ago
2061,/jobs/48332,about 1 month ago
2062,/jobs/48328,about 1 month ago
2063,/jobs/48326,about 1 month ago
2064,/jobs/48322,about 1 month ago
2065,/jobs/48321,about 1 month ago
2066,/jobs/48310,about 1 month ago
2067,/jobs/48297,about 1 month ago
2068,/jobs/48295,about 1 month ago
2069,/jobs/48292,about 1 month ago
2070,/jobs/48290,about 1 month ago
2071,/jobs/48289,about 1 month ago
2072,/jobs/48288,about 1 month ago
2073,/jobs/48287,about 1 month ago
2074,/jobs/48286,about 1 month ago
2075,/jobs/48284,about 1 month ago
2076,/jobs/48282,about 1 month ago
2077,/jobs/48280,about 1 month ago
2078,/jobs/48279,about 1 month ago
2079,/jobs/48277,about 1 month ago
2080,/jobs/48273,about 1 month ago
2081,/jobs/48268,about 1 month ago
2082,/jobs/48264,about 1 month ago
2083,/jobs/48261,about 1 month ago
2084,/jobs/48256,about 1 month ago
2085,/jobs/48254,about 1 month ago
2086,/jobs/48252,about 1 month ago
2087,/jobs/48251,about 1 month ago
2088,/jobs/48250,about 1 month ago
2089,/jobs/48249,about 1 month ago
2090,/jobs/48248,about 1 month ago
2091,/jobs/48247,about 1 month ago
2092,/jobs/48243,about 1 month ago
2093,/jobs/48241,about 1 month ago
2094,/jobs/48240,about 1 month ago
2095,/jobs/48237,about 1 month ago
2096,/jobs/48235,about 1 month ago
2097,/jobs/48234,about 1 month ago
2098,/jobs/48233,about 1 month ago
2099,/jobs/48232,about 1 month ago
2100,/jobs/48230,about 1 month ago
2101,/jobs/48228,about 1 month ago
2102,/jobs/48224,about 1 month ago
2103,/jobs/48222,about 1 month ago
2104,/jobs/48220,about 1 month ago
2105,/jobs/48212,about 1 month ago
2106,/jobs/48207,about 1 month ago
2107,/jobs/48204,about 1 month ago
2108,/jobs/48202,about 1 month ago
2109,/jobs/48201,about 1 month ago
2110,/jobs/48199,about 1 month ago
2111,/jobs/48196,about 1 month ago
2112,/jobs/48190,about 1 month ago
2113,/jobs/48185,about 1 month ago
2114,/jobs/48183,about 1 month ago
2115,/jobs/48177,about 1 month ago
2116,/jobs/48174,about 1 month ago
2117,/jobs/48171,about 1 month ago
2118,/jobs/48170,about 1 month ago
2119,/jobs/48166,about 1 month ago
2120,/jobs/48158,about 1 month ago
2121,/jobs/48157,about 1 month ago
2122,/jobs/48156,about 1 month ago
2123,/jobs/48153,about 1 month ago
2124,/jobs/48150,about 1 month ago
2125,/jobs/48144,about 1 month ago
2126,/jobs/48142,about 1 month ago
2127,/jobs/48133,about 1 month ago
2128,/jobs/48132,about 1 month ago
2129,/jobs/48127,about 1 month ago
2130,/jobs/48124,about 1 month ago
2131,/jobs/48121,about 1 month ago
2132,/jobs/48118,about 1 month ago
2133,/jobs/48117,about 1 month ago
2134,/jobs/48114,about 1 month ago
2135,/jobs/48112,about 1 month ago
2136,/jobs/48111,about 1 month ago
2137,/jobs/48109,about 1 month ago
2138,/jobs/48107,about 1 month ago
2139,/jobs/48105,about 1 month ago
2140,/jobs/48102,about 1 month ago
2141,/jobs/48101,about 1 month ago
2142,/jobs/48100,about 1 month ago
2143,/jobs/48095,about 1 month ago
2144,/jobs/48092,about 1 month ago
2145,/jobs/48089,about 1 month ago
2146,/jobs/48088,about 1 month ago
2147,/jobs/48087,about 1 month ago
2148,/jobs/48083,about 1 month ago
2149,/jobs/48081,about 1 month ago
2150,/jobs/48079,about 1 month ago
2151,/jobs/48078,about 1 month ago
2152,/jobs/48075,about 1 month ago
2153,/jobs/48073,about 1 month ago
2154,/jobs/48072,about 1 month ago
2155,/jobs/48071,about 1 month ago
2156,/jobs/48070,about 1 month ago
2157,/jobs/48069,about 1 month ago
2158,/jobs/48067,about 1 month ago
2159,/jobs/48066,about 1 month ago
2160,/jobs/48065,about 1 month ago
2161,/jobs/48064,about 1 month ago
2162,/jobs/48062,about 1 month ago
2163,/jobs/48060,about 1 month ago
2164,/jobs/48059,about 1 month ago
2165,/jobs/48055,about 1 month ago
2166,/jobs/48049,about 1 month ago
2167,/jobs/48048,about 1 month ago
2168,/jobs/48047,about 1 month ago
2169,/jobs/48046,about 1 month ago
2170,/jobs/48041,about 1 month ago
2171,/jobs/48040,about 1 month ago
2172,/jobs/48039,about 1 month ago
2173,/jobs/48037,about 1 month ago
2174,/jobs/48036,about 1 month ago
2175,/jobs/48035,about 1 month ago
2176,/jobs/48033,about 1 month ago
2177,/jobs/48024,about 1 month ago
2178,/jobs/48022,about 1 month ago
2179,/jobs/48019,about 1 month ago
2180,/jobs/48018,about 1 month ago
2181,/jobs/48014,about 1 month ago
2182,/jobs/48007,about 1 month ago
2183,/jobs/48005,about 1 month ago
2184,/jobs/48004,about 1 month ago
2185,/jobs/48000,about 1 month ago
2186,/jobs/47998,about 1 month ago
2187,/jobs/47996,about 1 month ago
2188,/jobs/47991,about 1 month ago
2189,/jobs/47988,about 1 month ago
2190,/jobs/47987,about 1 month ago
2191,/jobs/47985,about 1 month ago
2192,/jobs/47984,about 1 month ago
2193,/jobs/47983,about 1 month ago
2194,/jobs/47980,about 1 month ago
2195,/jobs/47974,about 1 month ago
2196,/jobs/47969,about 1 month ago
2197,/jobs/47968,about 1 month ago
2198,/jobs/47966,about 1 month ago
2199,/jobs/47964,about 1 month ago
2200,/jobs/47962,about 1 month ago
2201,/jobs/47957,about 1 month ago
2202,/jobs/47952,about 1 month ago
2203,/jobs/47950,about 1 month ago
2204,/jobs/47946,about 1 month ago
2205,/jobs/47945,about 1 month ago
2206,/jobs/47938,about 1 month ago
2207,/jobs/47937,about 1 month ago
2208,/jobs/47936,about 1 month ago
2209,/jobs/47931,about 1 month ago
2210,/jobs/47929,about 1 month ago
2211,/jobs/47911,about 1 month ago
2212,/jobs/47910,about 1 month ago
2213,/jobs/47909,about 1 month ago
2214,/jobs/47907,about 1 month ago
2215,/jobs/47906,about 1 month ago
2216,/jobs/47905,about 1 month ago
2217,/jobs/47902,about 1 month ago
2218,/jobs/47900,about 1 month ago
2219,/jobs/47897,about 1 month ago
2220,/jobs/47894,about 1 month ago
2221,/jobs/47892,about 1 month ago
2222,/jobs/47890,about 1 month ago
2223,/jobs/47881,about 1 month ago
2224,/jobs/47878,about 1 month ago
2225,/jobs/47871,about 1 month ago
2226,/jobs/47870,about 1 month ago
2227,/jobs/47867,about 1 month ago
2228,/jobs/47862,about 1 month ago
2229,/jobs/47858,about 1 month ago
2230,/jobs/47856,about 1 month ago
2231,/jobs/47854,about 1 month ago
2232,/jobs/47847,about 1 month ago
2233,/jobs/47846,about 1 month ago
2234,/jobs/47845,about 1 month ago
2235,/jobs/47842,about 1 month ago
2236,/jobs/47836,about 1 month ago
2237,/jobs/47830,about 1 month ago
2238,/jobs/47829,about 1 month ago
2239,/jobs/47827,about 1 month ago
2240,/jobs/47826,about 1 month ago
2241,/jobs/47824,about 1 month ago
2242,/jobs/47823,about 1 month ago
2243,/jobs/47822,about 1 month ago
2244,/jobs/47821,about 1 month ago
2245,/jobs/47819,about 1 month ago
2246,/jobs/47818,about 1 month ago
2247,/jobs/47811,about 1 month ago
2248,/jobs/47810,about 1 month ago
2249,/jobs/47807,about 1 month ago
2250,/jobs/47804,about 1 month ago
2251,/jobs/47802,about 1 month ago
2252,/jobs/47801,about 1 month ago
2253,/jobs/47797,about 1 month ago
2254,/jobs/47796,about 1 month ago
2255,/jobs/47795,about 1 month ago
2256,/jobs/47794,about 1 month ago
2257,/jobs/47793,about 1 month ago
2258,/jobs/47792,about 1 month ago
2259,/jobs/47786,about 1 month ago
2260,/jobs/47780,about 1 month ago
2261,/jobs/47772,about 1 month ago
2262,/jobs/47771,about 1 month ago
2263,/jobs/47770,about 1 month ago
2264,/jobs/47768,about 1 month ago
2265,/jobs/47764,about 1 month ago
2266,/jobs/47761,about 1 month ago
2267,/jobs/47760,about 1 month ago
2268,/jobs/47753,about 1 month ago
2269,/jobs/47749,about 1 month ago
2270,/jobs/47745,about 1 month ago
2271,/jobs/47742,about 1 month ago
2272,/jobs/47741,about 1 month ago
2273,/jobs/47740,about 1 month ago
2274,/jobs/47739,about 1 month ago
2275,/jobs/47738,about 1 month ago
2276,/jobs/47737,about 1 month ago
2277,/jobs/47736,about 1 month ago
2278,/jobs/47734,about 1 month ago
2279,/jobs/47733,about 1 month ago
2280,/jobs/47729,about 1 month ago
2281,/jobs/47727,about 1 month ago
2282,/jobs/47726,about 1 month ago
2283,/jobs/47725,about 1 month ago
2284,/jobs/47723,about 1 month ago
2285,/jobs/47722,about 1 month ago
2286,/jobs/47720,about 1 month ago
2287,/jobs/47715,about 1 month ago
2288,/jobs/47713,about 1 month ago
2289,/jobs/47711,about 1 month ago
2290,/jobs/47709,about 1 month ago
2291,/jobs/47707,about 1 month ago
2292,/jobs/47706,about 1 month ago
2293,/jobs/47705,about 1 month ago
2294,/jobs/47703,about 1 month ago
2295,/jobs/47702,about 1 month ago
2296,/jobs/47699,about 1 month ago
2297,/jobs/47697,about 1 month ago
2298,/jobs/47696,about 1 month ago
2299,/jobs/47691,about 1 month ago
2300,/jobs/47686,about 1 month ago
2301,/jobs/47685,about 1 month ago
2302,/jobs/47677,about 1 month ago
2303,/jobs/47671,about 1 month ago
2304,/jobs/47670,about 1 month ago
2305,/jobs/47669,about 1 month ago
2306,/jobs/47666,about 1 month ago
2307,/jobs/47665,about 1 month ago
2308,/jobs/47664,about 1 month ago
2309,/jobs/47662,about 1 month ago
2310,/jobs/47658,about 1 month ago
2311,/jobs/47655,about 1 month ago
2312,/jobs/47654,about 1 month ago
2313,/jobs/47652,about 1 month ago
2314,/jobs/47651,about 1 month ago
2315,/jobs/47649,about 1 month ago
2316,/jobs/47645,about 1 month ago
2317,/jobs/47636,about 1 month ago
2318,/jobs/47631,about 1 month ago
2319,/jobs/47630,about 1 month ago
2320,/jobs/47624,about 1 month ago
2321,/jobs/47620,about 1 month ago
2322,/jobs/47618,about 1 month ago
2323,/jobs/47617,about 1 month ago
2324,/jobs/47611,about 1 month ago
2325,/jobs/47607,about 1 month ago
2326,/jobs/47603,about 1 month ago
2327,/jobs/47592,about 1 month ago
2328,/jobs/47589,about 1 month ago
2329,/jobs/47588,about 1 month ago
2330,/jobs/47579,about 1 month ago
2331,/jobs/47577,about 1 month ago
2332,/jobs/47575,about 1 month ago
2333,/jobs/47569,about 1 month ago
2334,/jobs/47567,about 1 month ago
2335,/jobs/47561,about 1 month ago
2336,/jobs/47557,about 1 month ago
2337,/jobs/47556,about 1 month ago
2338,/jobs/47555,about 1 month ago
2339,/jobs/47554,about 1 month ago
2340,/jobs/47552,about 1 month ago
2341,/jobs/47551,about 1 month ago
2342,/jobs/47548,about 1 month ago
2343,/jobs/47541,about 1 month ago
2344,/jobs/47539,about 1 month ago
2345,/jobs/47538,about 1 month ago
2346,/jobs/47534,about 1 month ago
2347,/jobs/47533,about 1 month ago
2348,/jobs/47532,about 1 month ago
2349,/jobs/47530,about 1 month ago
2350,/jobs/47525,about 1 month ago
2351,/jobs/47518,about 2 months ago
2352,/jobs/47517,about 2 months ago
2353,/jobs/47516,about 2 months ago
2354,/jobs/47513,about 2 months ago
2355,/jobs/47504,about 2 months ago
2356,/jobs/47503,about 2 months ago
2357,/jobs/47502,about 2 months ago
2358,/jobs/47500,about 2 months ago
2359,/jobs/47499,about 2 months ago
2360,/jobs/47497,about 2 months ago
2361,/jobs/47493,about 2 months ago
2362,/jobs/47492,about 2 months ago
2363,/jobs/47490,about 2 months ago
2364,/jobs/47488,about 2 months ago
2365,/jobs/47484,about 2 months ago
2366,/jobs/47479,about 2 months ago
2367,/jobs/47478,about 2 months ago
2368,/jobs/47475,about 2 months ago
2369,/jobs/47459,about 2 months ago
2370,/jobs/47456,about 2 months ago
2371,/jobs/47455,about 2 months ago
2372,/jobs/47454,about 2 months ago
2373,/jobs/47453,about 2 months ago
2374,/jobs/47452,about 2 months ago
2375,/jobs/47451,about 2 months ago
2376,/jobs/47450,about 2 months ago
2377,/jobs/47447,about 2 months ago
2378,/jobs/47442,about 2 months ago
2379,/jobs/47439,about 2 months ago
2380,/jobs/47437,about 2 months ago
2381,/jobs/47435,about 2 months ago
2382,/jobs/47434,about 2 months ago
2383,/jobs/47433,about 2 months ago
2384,/jobs/47432,about 2 months ago
2385,/jobs/47431,about 2 months ago
2386,/jobs/47429,about 2 months ago
2387,/jobs/47428,about 2 months ago
2388,/jobs/47425,about 2 months ago
2389,/jobs/47424,about 2 months ago
2390,/jobs/47418,about 2 months ago
2391,/jobs/47417,about 2 months ago
2392,/jobs/47415,about 2 months ago
2393,/jobs/47414,about 2 months ago
2394,/jobs/47412,about 2 months ago
2395,/jobs/47410,about 2 months ago
2396,/jobs/47408,about 2 months ago
2397,/jobs/47404,about 2 months ago
2398,/jobs/47403,about 2 months ago
2399,/jobs/47402,about 2 months ago
2400,/jobs/47398,about 2 months ago
2401,/jobs/47397,about 2 months ago
2402,/jobs/47396,about 2 months ago
2403,/jobs/47395,about 2 months ago
2404,/jobs/47394,about 2 months ago
2405,/jobs/47393,about 2 months ago
2406,/jobs/47387,about 2 months ago
2407,/jobs/47386,about 2 months ago
2408,/jobs/47385,about 2 months ago
2409,/jobs/47376,about 2 months ago
2410,/jobs/47375,about 2 months ago
2411,/jobs/47371,about 2 months ago
2412,/jobs/47369,about 2 months ago
2413,/jobs/47368,about 2 months ago
2414,/jobs/47367,about 2 months ago
2415,/jobs/47362,about 2 months ago
2416,/jobs/47361,about 2 months ago
2417,/jobs/47358,about 2 months ago
2418,/jobs/47354,about 2 months ago
2419,/jobs/47353,about 2 months ago
2420,/jobs/47348,about 2 months ago
2421,/jobs/47344,about 2 months ago
2422,/jobs/47338,about 2 months ago
2423,/jobs/47337,about 2 months ago
2424,/jobs/47331,about 2 months ago
2425,/jobs/47328,about 2 months ago
2426,/jobs/47326,about 2 months ago
2427,/jobs/47322,about 2 months ago
2428,/jobs/47320,about 2 months ago
2429,/jobs/47319,about 2 months ago
2430,/jobs/47317,about 2 months ago
2431,/jobs/47316,about 2 months ago
2432,/jobs/47315,about 2 months ago
2433,/jobs/47314,about 2 months ago
2434,/jobs/47311,about 2 months ago
2435,/jobs/47310,about 2 months ago
2436,/jobs/47309,about 2 months ago
2437,/jobs/47306,about 2 months ago
2438,/jobs/47305,about 2 months ago
2439,/jobs/47304,about 2 months ago
2440,/jobs/47303,about 2 months ago
2441,/jobs/47302,about 2 months ago
2442,/jobs/47299,about 2 months ago
2443,/jobs/47293,about 2 months ago
2444,/jobs/47292,about 2 months ago
2445,/jobs/47290,about 2 months ago
2446,/jobs/47284,about 2 months ago
2447,/jobs/47282,about 2 months ago
2448,/jobs/47281,about 2 months ago
2449,/jobs/47276,about 2 months ago
2450,/jobs/47272,about 2 months ago
2451,/jobs/47271,about 2 months ago
2452,/jobs/47269,about 2 months ago
2453,/jobs/47268,about 2 months ago
2454,/jobs/47267,about 2 months ago
2455,/jobs/47264,about 2 months ago
2456,/jobs/47263,about 2 months ago
2457,/jobs/47260,about 2 months ago
2458,/jobs/47259,about 2 months ago
2459,/jobs/47258,about 2 months ago
2460,/jobs/47252,about 2 months ago
2461,/jobs/47251,about 2 months ago
2462,/jobs/47249,about 2 months ago
2463,/jobs/47248,about 2 months ago
2464,/jobs/47247,about 2 months ago
2465,/jobs/47246,about 2 months ago
2466,/jobs/47241,about 2 months ago
2467,/jobs/47236,about 2 months ago
2468,/jobs/47233,about 2 months ago
2469,/jobs/47228,about 2 months ago
2470,/jobs/47227,about 2 months ago
2471,/jobs/47224,about 2 months ago
2472,/jobs/47223,about 2 months ago
2473,/jobs/47221,about 2 months ago
2474,/jobs/47213,about 2 months ago
2475,/jobs/47211,about 2 months ago
2476,/jobs/47210,about 2 months ago
2477,/jobs/47209,about 2 months ago
2478,/jobs/47208,about 2 months ago
2479,/jobs/47206,about 2 months ago
2480,/jobs/47199,about 2 months ago
2481,/jobs/47194,about 2 months ago
2482,/jobs/47184,about 2 months ago
2483,/jobs/47182,about 2 months ago
2484,/jobs/47181,about 2 months ago
2485,/jobs/47179,about 2 months ago
2486,/jobs/47177,about 2 months ago
2487,/jobs/47175,about 2 months ago
2488,/jobs/47174,about 2 months ago
2489,/jobs/47173,about 2 months ago
2490,/jobs/47171,about 2 months ago
2491,/jobs/47169,about 2 months ago
2492,/jobs/47166,about 2 months ago
2493,/jobs/47163,about 2 months ago
2494,/jobs/47160,about 2 months ago
2495,/jobs/47159,about 2 months ago
2496,/jobs/47157,about 2 months ago
2497,/jobs/47156,about 2 months ago
2498,/jobs/47155,about 2 months ago
2499,/jobs/47154,about 2 months ago
2500,/jobs/47152,about 2 months ago
2501,/jobs/47150,about 2 months ago
2502,/jobs/47149,about 2 months ago
2503,/jobs/47148,about 2 months ago
2504,/jobs/47145,about 2 months ago
2505,/jobs/47143,about 2 months ago
2506,/jobs/47142,about 2 months ago
2507,/jobs/47137,about 2 months ago
2508,/jobs/47135,about 2 months ago
2509,/jobs/47130,about 2 months ago
2510,/jobs/47129,about 2 months ago
2511,/jobs/47121,about 2 months ago
2512,/jobs/47117,about 2 months ago
2513,/jobs/47115,about 2 months ago
2514,/jobs/47112,about 2 months ago
2515,/jobs/47111,about 2 months ago
2516,/jobs/47109,about 2 months ago
2517,/jobs/47107,about 2 months ago
2518,/jobs/47106,about 2 months ago
2519,/jobs/47103,about 2 months ago
2520,/jobs/47101,about 2 months ago
2521,/jobs/47099,about 2 months ago
2522,/jobs/47098,about 2 months ago
2523,/jobs/47096,about 2 months ago
2524,/jobs/47095,about 2 months ago
2525,/jobs/47092,about 2 months ago
2526,/jobs/47091,about 2 months ago
2527,/jobs/47089,about 2 months ago
2528,/jobs/47087,about 2 months ago
2529,/jobs/47083,about 2 months ago
2530,/jobs/47082,about 2 months ago
2531,/jobs/47081,about 2 months ago
2532,/jobs/47080,about 2 months ago
2533,/jobs/47079,about 2 months ago
2534,/jobs/47078,about 2 months ago
2535,/jobs/47076,about 2 months ago
2536,/jobs/47075,about 2 months ago
2537,/jobs/47073,about 2 months ago
2538,/jobs/47071,about 2 months ago
2539,/jobs/47067,about 2 months ago
2540,/jobs/47064,about 2 months ago
2541,/jobs/47060,about 2 months ago
2542,/jobs/47057,about 2 months ago
2543,/jobs/47056,about 2 months ago
2544,/jobs/47054,about 2 months ago
2545,/jobs/47053,about 2 months ago
2546,/jobs/47050,about 2 months ago
2547,/jobs/47049,about 2 months ago
2548,/jobs/47046,about 2 months ago
2549,/jobs/47044,about 2 months ago
2550,/jobs/47040,about 2 months ago
2551,/jobs/47035,about 2 months ago
2552,/jobs/47032,about 2 months ago
2553,/jobs/47031,about 2 months ago
2554,/jobs/47028,about 2 months ago
2555,/jobs/47026,about 2 months ago
2556,/jobs/47025,about 2 months ago
2557,/jobs/47021,about 2 months ago
2558,/jobs/47019,about 2 months ago
2559,/jobs/47018,about 2 months ago
2560,/jobs/47014,about 2 months ago
2561,/jobs/47013,about 2 months ago
2562,/jobs/47010,about 2 months ago
2563,/jobs/47008,about 2 months ago
2564,/jobs/47006,about 2 months ago
2565,/jobs/46999,about 2 months ago
2566,/jobs/46996,about 2 months ago
2567,/jobs/46995,about 2 months ago
2568,/jobs/46994,about 2 months ago
2569,/jobs/46989,about 2 months ago
2570,/jobs/46986,about 2 months ago
2571,/jobs/46982,about 2 months ago
2572,/jobs/46981,about 2 months ago
2573,/jobs/46977,about 2 months ago
2574,/jobs/46976,about 2 months ago
2575,/jobs/46975,about 2 months ago
2576,/jobs/46965,about 2 months ago
2577,/jobs/46963,about 2 months ago
2578,/jobs/46962,about 2 months ago
2579,/jobs/46960,about 2 months ago
2580,/jobs/46952,about 2 months ago
2581,/jobs/46947,about 2 months ago
2582,/jobs/46946,about 2 months ago
2583,/jobs/46944,about 2 months ago
2584,/jobs/46942,about 2 months ago
2585,/jobs/46941,about 2 months ago
2586,/jobs/46938,about 2 months ago
2587,/jobs/46937,about 2 months ago
2588,/jobs/46934,about 2 months ago
2589,/jobs/46933,about 2 months ago
2590,/jobs/46924,about 2 months ago
2591,/jobs/46922,about 2 months ago
2592,/jobs/46920,about 2 months ago
2593,/jobs/46915,about 2 months ago
2594,/jobs/46912,about 2 months ago
2595,/jobs/46910,about 2 months ago
2596,/jobs/46908,about 2 months ago
2597,/jobs/46907,about 2 months ago
2598,/jobs/46905,about 2 months ago
2599,/jobs/46904,about 2 months ago
2600,/jobs/46903,about 2 months ago
2601,/jobs/46895,about 2 months ago
2602,/jobs/46893,about 2 months ago
2603,/jobs/46890,about 2 months ago
2604,/jobs/46888,about 2 months ago
2605,/jobs/46885,about 2 months ago
2606,/jobs/46883,about 2 months ago
2607,/jobs/46881,about 2 months ago
2608,/jobs/46880,about 2 months ago
2609,/jobs/46878,about 2 months ago
2610,/jobs/46877,about 2 months ago
2611,/jobs/46872,about 2 months ago
2612,/jobs/46869,about 2 months ago
2613,/jobs/46867,about 2 months ago
2614,/jobs/46865,about 2 months ago
2615,/jobs/46863,about 2 months ago
2616,/jobs/46861,about 2 months ago
2617,/jobs/46857,about 2 months ago
2618,/jobs/46854,about 2 months ago
2619,/jobs/46851,about 2 months ago
2620,/jobs/46842,about 2 months ago
2621,/jobs/46841,about 2 months ago
2622,/jobs/46836,about 2 months ago
2623,/jobs/46834,about 2 months ago
2624,/jobs/46832,about 2 months ago
2625,/jobs/46831,about 2 months ago
2626,/jobs/46829,about 2 months ago
2627,/jobs/46828,about 2 months ago
2628,/jobs/46827,about 2 months ago
2629,/jobs/46823,about 2 months ago
2630,/jobs/46815,about 2 months ago
2631,/jobs/46814,about 2 months ago
2632,/jobs/46810,about 2 months ago
2633,/jobs/46807,about 2 months ago
2634,/jobs/46802,about 2 months ago
2635,/jobs/46800,about 2 months ago
2636,/jobs/46799,about 2 months ago
2637,/jobs/46795,about 2 months ago
2638,/jobs/46793,about 2 months ago
2639,/jobs/46790,about 2 months ago
2640,/jobs/46787,about 2 months ago
2641,/jobs/46782,about 2 months ago
2642,/jobs/46779,about 2 months ago
2643,/jobs/46772,about 2 months ago
2644,/jobs/46761,about 2 months ago
2645,/jobs/46760,about 2 months ago
2646,/jobs/46759,about 2 months ago
2647,/jobs/46753,about 2 months ago
2648,/jobs/46750,about 2 months ago
2649,/jobs/46749,about 2 months ago
2650,/jobs/46747,about 2 months ago
2651,/jobs/46742,about 2 months ago
2652,/jobs/46740,about 2 months ago
2653,/jobs/46739,about 2 months ago
2654,/jobs/46738,about 2 months ago
2655,/jobs/46735,about 2 months ago
2656,/jobs/46734,about 2 months ago
2657,/jobs/46723,about 2 months ago
2658,/jobs/46720,about 2 months ago
2659,/jobs/46715,about 2 months ago
2660,/jobs/46713,about 2 months ago
2661,/jobs/46711,about 2 months ago
2662,/jobs/46707,about 2 months ago
2663,/jobs/46706,about 2 months ago
2664,/jobs/46702,about 2 months ago
2665,/jobs/46701,about 2 months ago
2666,/jobs/46700,about 2 months ago
2667,/jobs/46699,about 2 months ago
2668,/jobs/46696,about 2 months ago
2669,/jobs/46695,about 2 months ago
2670,/jobs/46692,about 2 months ago
2671,/jobs/46688,about 2 months ago
2672,/jobs/46684,about 2 months ago
2673,/jobs/46680,about 2 months ago
2674,/jobs/46679,about 2 months ago
2675,/jobs/46674,about 2 months ago
2676,/jobs/46671,about 2 months ago
2677,/jobs/46670,about 2 months ago
2678,/jobs/46668,about 2 months ago
2679,/jobs/46667,about 2 months ago
2680,/jobs/46666,about 2 months ago
2681,/jobs/46663,about 2 months ago
2682,/jobs/46659,about 2 months ago
2683,/jobs/46657,about 2 months ago
2684,/jobs/46656,about 2 months ago
2685,/jobs/46655,about 2 months ago
2686,/jobs/46654,about 2 months ago
2687,/jobs/46653,about 2 months ago
2688,/jobs/46652,about 2 months ago
2689,/jobs/46650,about 2 months ago
2690,/jobs/46649,about 2 months ago
2691,/jobs/46646,about 2 months ago
2692,/jobs/46644,about 2 months ago
2693,/jobs/46643,about 2 months ago
2694,/jobs/46641,about 2 months ago
2695,/jobs/46640,about 2 months ago
2696,/jobs/46638,about 2 months ago
2697,/jobs/46637,about 2 months ago
2698,/jobs/46632,about 2 months ago
2699,/jobs/46630,about 2 months ago
2700,/jobs/46628,about 2 months ago
2701,/jobs/46626,about 2 months ago
2702,/jobs/46621,about 2 months ago
2703,/jobs/46617,about 2 months ago
2704,/jobs/46616,about 2 months ago
2705,/jobs/46615,about 2 months ago
2706,/jobs/46612,about 2 months ago
2707,/jobs/46607,about 2 months ago
2708,/jobs/46605,about 2 months ago
2709,/jobs/46601,about 2 months ago
2710,/jobs/46600,about 2 months ago
2711,/jobs/46599,about 2 months ago
2712,/jobs/46598,about 2 months ago
2713,/jobs/46595,about 2 months ago
2714,/jobs/46584,about 2 months ago
2715,/jobs/46582,about 2 months ago
2716,/jobs/46580,about 2 months ago
2717,/jobs/46579,about 2 months ago
2718,/jobs/46578,about 2 months ago
2719,/jobs/46577,about 2 months ago
2720,/jobs/46576,about 2 months ago
2721,/jobs/46575,about 2 months ago
2722,/jobs/46573,about 2 months ago
2723,/jobs/46570,about 2 months ago
2724,/jobs/46569,about 2 months ago
2725,/jobs/46568,about 2 months ago
2726,/jobs/46566,about 2 months ago
2727,/jobs/46564,about 2 months ago
2728,/jobs/46561,about 2 months ago
2729,/jobs/46559,about 2 months ago
2730,/jobs/46554,about 2 months ago
2731,/jobs/46552,about 2 months ago
2732,/jobs/46551,about 2 months ago
2733,/jobs/46550,about 2 months ago
2734,/jobs/46547,about 2 months ago
2735,/jobs/46542,about 2 months ago
2736,/jobs/46541,about 2 months ago
2737,/jobs/46536,about 2 months ago
2738,/jobs/46533,about 2 months ago
2739,/jobs/46532,about 2 months ago
2740,/jobs/46531,about 2 months ago
2741,/jobs/46528,about 2 months ago
2742,/jobs/46525,about 2 months ago
2743,/jobs/46523,about 2 months ago
2744,/jobs/46522,about 2 months ago
2745,/jobs/46520,about 2 months ago
2746,/jobs/46519,about 2 months ago
2747,/jobs/46518,about 2 months ago
2748,/jobs/46517,about 2 months ago
2749,/jobs/46515,about 2 months ago
2750,/jobs/46513,about 2 months ago
2751,/jobs/46512,about 2 months ago
2752,/jobs/46508,about 2 months ago
2753,/jobs/46505,about 2 months ago
2754,/jobs/46503,about 2 months ago
2755,/jobs/46501,about 2 months ago
2756,/jobs/46500,about 2 months ago
2757,/jobs/46499,about 2 months ago
2758,/jobs/46498,about 2 months ago
2759,/jobs/46497,about 2 months ago
2760,/jobs/46494,about 2 months ago
2761,/jobs/46493,about 2 months ago
2762,/jobs/46492,about 2 months ago
2763,/jobs/46491,about 2 months ago
2764,/jobs/46489,about 2 months ago
2765,/jobs/46485,about 2 months ago
2766,/jobs/46483,about 2 months ago
2767,/jobs/46481,about 2 months ago
2768,/jobs/46479,about 2 months ago
2769,/jobs/46476,about 2 months ago
2770,/jobs/46475,about 2 months ago
2771,/jobs/46473,about 2 months ago
2772,/jobs/46472,about 2 months ago
2773,/jobs/46470,about 2 months ago
2774,/jobs/46469,about 2 months ago
2775,/jobs/46467,about 2 months ago
2776,/jobs/46466,about 2 months ago
2777,/jobs/46458,about 2 months ago
2778,/jobs/46455,about 2 months ago
2779,/jobs/46453,about 2 months ago
2780,/jobs/46452,about 2 months ago
2781,/jobs/46449,about 2 months ago
2782,/jobs/46448,about 2 months ago
2783,/jobs/46446,about 2 months ago
2784,/jobs/46445,about 2 months ago
2785,/jobs/46440,about 2 months ago
2786,/jobs/46439,about 2 months ago
2787,/jobs/46436,about 2 months ago
2788,/jobs/46435,about 2 months ago
2789,/jobs/46434,about 2 months ago
2790,/jobs/46426,about 2 months ago
2791,/jobs/46422,about 2 months ago
2792,/jobs/46418,about 2 months ago
2793,/jobs/46416,about 2 months ago
2794,/jobs/46413,about 2 months ago
2795,/jobs/46412,about 2 months ago
2796,/jobs/46411,about 2 months ago
2797,/jobs/46409,about 2 months ago
2798,/jobs/46408,about 2 months ago
2799,/jobs/46407,about 2 months ago
2800,/jobs/46406,about 2 months ago
2801,/jobs/46403,about 2 months ago
2802,/jobs/46402,about 2 months ago
2803,/jobs/46399,about 2 months ago
2804,/jobs/46393,about 2 months ago
2805,/jobs/46390,about 2 months ago
2806,/jobs/46389,about 2 months ago
2807,/jobs/46387,about 2 months ago
2808,/jobs/46383,about 2 months ago
2809,/jobs/46381,about 2 months ago
2810,/jobs/46374,about 2 months ago
2811,/jobs/46373,about 2 months ago
2812,/jobs/46372,about 2 months ago
2813,/jobs/46371,about 2 months ago
2814,/jobs/46369,about 2 months ago
2815,/jobs/46365,about 2 months ago
2816,/jobs/46364,about 2 months ago
2817,/jobs/46361,about 2 months ago
2818,/jobs/46360,about 2 months ago
2819,/jobs/46359,about 2 months ago
2820,/jobs/46357,about 2 months ago
2821,/jobs/46355,about 2 months ago
2822,/jobs/46352,about 2 months ago
2823,/jobs/46349,about 2 months ago
2824,/jobs/46348,about 2 months ago
2825,/jobs/46345,about 2 months ago
2826,/jobs/46344,about 2 months ago
2827,/jobs/46343,about 2 months ago
2828,/jobs/46341,about 2 months ago
2829,/jobs/46339,about 2 months ago
2830,/jobs/46338,about 2 months ago
2831,/jobs/46330,about 2 months ago
2832,/jobs/46328,about 2 months ago
2833,/jobs/46326,about 2 months ago
2834,/jobs/46323,about 2 months ago
2835,/jobs/46322,about 2 months ago
2836,/jobs/46321,about 2 months ago
2837,/jobs/46318,about 2 months ago
2838,/jobs/46313,about 2 months ago
2839,/jobs/46307,about 2 months ago
2840,/jobs/46304,about 2 months ago
2841,/jobs/46290,about 2 months ago
2842,/jobs/46289,about 2 months ago
2843,/jobs/46288,about 2 months ago
2844,/jobs/46285,about 2 months ago
2845,/jobs/46284,about 2 months ago
2846,/jobs/46283,about 2 months ago
2847,/jobs/46281,about 2 months ago
2848,/jobs/46278,about 2 months ago
2849,/jobs/46277,about 2 months ago
2850,/jobs/46273,about 2 months ago
2851,/jobs/46272,about 2 months ago
2852,/jobs/46271,about 2 months ago
2853,/jobs/46270,about 2 months ago
2854,/jobs/46268,about 2 months ago
2855,/jobs/46267,about 2 months ago
2856,/jobs/46266,about 2 months ago
2857,/jobs/46265,about 2 months ago
2858,/jobs/46264,about 2 months ago
2859,/jobs/46263,about 2 months ago
2860,/jobs/46262,about 2 months ago
2861,/jobs/46259,about 2 months ago
2862,/jobs/46254,about 2 months ago
2863,/jobs/46252,about 2 months ago
2864,/jobs/46250,about 2 months ago
2865,/jobs/46249,about 2 months ago
2866,/jobs/46248,about 2 months ago
2867,/jobs/46240,about 2 months ago
2868,/jobs/46237,about 2 months ago
2869,/jobs/46235,about 2 months ago
2870,/jobs/46232,about 2 months ago
2871,/jobs/46224,about 2 months ago
2872,/jobs/46221,about 2 months ago
2873,/jobs/46218,about 2 months ago
2874,/jobs/46216,about 2 months ago
2875,/jobs/46215,about 2 months ago
2876,/jobs/46211,about 2 months ago
2877,/jobs/46209,about 2 months ago
2878,/jobs/46208,about 2 months ago
2879,/jobs/46198,about 2 months ago
2880,/jobs/46196,about 2 months ago
2881,/jobs/46193,about 2 months ago
2882,/jobs/46191,about 2 months ago
2883,/jobs/46190,about 2 months ago
2884,/jobs/46187,about 2 months ago
2885,/jobs/46184,about 2 months ago
2886,/jobs/46179,about 2 months ago
2887,/jobs/46176,about 2 months ago
2888,/jobs/46173,about 2 months ago
2889,/jobs/46170,about 2 months ago
2890,/jobs/46166,about 2 months ago
2891,/jobs/46165,about 2 months ago
2892,/jobs/46162,about 2 months ago
2893,/jobs/46159,about 2 months ago
2894,/jobs/46158,about 2 months ago
2895,/jobs/46157,about 2 months ago
2896,/jobs/46156,about 2 months ago
2897,/jobs/46153,about 2 months ago
2898,/jobs/46151,about 2 months ago
2899,/jobs/46149,about 2 months ago
2900,/jobs/46147,about 2 months ago
2901,/jobs/46143,about 2 months ago
2902,/jobs/46141,about 2 months ago
2903,/jobs/46140,about 2 months ago
2904,/jobs/46138,about 2 months ago
2905,/jobs/46137,about 2 months ago
2906,/jobs/46136,about 2 months ago
2907,/jobs/46135,about 2 months ago
2908,/jobs/46134,about 2 months ago
2909,/jobs/46133,about 2 months ago
2910,/jobs/46132,about 2 months ago
2911,/jobs/46130,about 2 months ago
2912,/jobs/46129,about 2 months ago
2913,/jobs/46128,about 2 months ago
2914,/jobs/46120,about 2 months ago
2915,/jobs/46119,about 2 months ago
2916,/jobs/46118,about 2 months ago
2917,/jobs/46116,about 2 months ago
2918,/jobs/46113,about 2 months ago
2919,/jobs/46111,about 2 months ago
2920,/jobs/46109,about 2 months ago
2921,/jobs/46108,about 2 months ago
2922,/jobs/46107,about 2 months ago
2923,/jobs/46098,about 2 months ago
2924,/jobs/46097,about 2 months ago
2925,/jobs/46096,about 2 months ago
2926,/jobs/46095,about 2 months ago
2927,/jobs/46089,about 2 months ago
2928,/jobs/46088,about 2 months ago
2929,/jobs/46087,about 2 months ago
2930,/jobs/46086,about 2 months ago
2931,/jobs/46085,about 2 months ago
2932,/jobs/46084,about 2 months ago
2933,/jobs/46082,about 2 months ago
2934,/jobs/46080,about 2 months ago
2935,/jobs/46079,about 2 months ago
2936,/jobs/46073,about 2 months ago
2937,/jobs/46070,about 2 months ago
2938,/jobs/46064,about 2 months ago
2939,/jobs/46063,about 2 months ago
2940,/jobs/46049,about 2 months ago
2941,/jobs/46048,about 2 months ago
2942,/jobs/46047,about 2 months ago
2943,/jobs/46043,about 2 months ago
2944,/jobs/46042,about 2 months ago
2945,/jobs/46041,about 2 months ago
2946,/jobs/46040,about 2 months ago
2947,/jobs/46039,about 2 months ago
2948,/jobs/46038,about 2 months ago
2949,/jobs/46035,about 2 months ago
2950,/jobs/46031,about 2 months ago
2951,/jobs/46029,about 2 months ago
2952,/jobs/46027,about 2 months ago
2953,/jobs/46022,about 2 months ago
2954,/jobs/46021,about 2 months ago
2955,/jobs/46020,about 2 months ago
2956,/jobs/46019,about 2 months ago
2957,/jobs/46011,about 2 months ago
2958,/jobs/46010,about 2 months ago
2959,/jobs/46008,about 2 months ago
2960,/jobs/46001,about 2 months ago
2961,/jobs/45989,about 2 months ago
2962,/jobs/45982,about 2 months ago
2963,/jobs/45978,about 2 months ago
